codtribunal;cod_orgao_julg;Classificacao_cluster
TJAC;11674;3
TJAC;17051;5
TJAC;3604;3
TJAC;3608;0
TJAC;3612;0
TJAC;3613;0
TJAC;3621;5
TJAC;3622;5
TJAC;3623;5
TJAC;3624;5
TJAC;3639;5
TJAC;8153;0
TJAC;8155;0
TJAC;33549;5
TJAC;33550;5
TJAC;3641;5
TJAC;3642;5
TJAC;33567;5
TJAC;33572;5
TJAL;6330;5
TJAL;6696;5
TJAL;6704;5
TJAL;6710;5
TJAM;4780;1
TJAM;4781;1
TJAM;4782;1
TJAM;4784;1
TJAM;4785;1
TJAM;4786;1
TJAM;4787;1
TJAM;4788;1
TJAM;4789;1
TJAM;4790;1
TJAM;4791;1
TJAM;4792;1
TJAM;4793;1
TJAM;4794;1
TJAM;4795;1
TJAM;4796;1
TJAM;4797;1
TJAM;4798;1
TJAM;4799;1
TJAM;11738;1
TJAM;13092;0
TJAM;4906;1
TJAM;4907;1
TJAM;4908;1
TJAM;5060;5
TJAM;5063;0
TJAM;5067;0
TJAP;13716;5
TJAP;13718;5
TJAP;6165;5
TJAP;6409;5
TJAP;6410;5
TJAP;6414;5
TJAP;43929;5
TJAP;16268;5
TJAP;16272;5
TJAP;16273;5
TJAP;16276;5
TJAP;43865;5
TJAP;6401;5
TJAP;6402;5
TJBA;17163;1
TJBA;17166;1
TJBA;17171;1
TJBA;17176;1
TJBA;17178;1
TJBA;17180;2
TJBA;17185;2
TJBA;17189;1
TJBA;4139;1
TJBA;4564;2
TJBA;5216;2
TJBA;5272;2
TJBA;6486;2
TJBA;49969;1
TJBA;49974;1
TJBA;49982;1
TJBA;17072;2
TJBA;17073;2
TJBA;17092;1
TJBA;17094;1
TJBA;17096;7
TJBA;17129;1
TJBA;17130;1
TJBA;17219;2
TJBA;17873;1
TJBA;18544;1
TJBA;18556;0
TJBA;6075;2
TJBA;6433;7
TJBA;6451;0
TJBA;7835;2
TJBA;7836;2
TJBA;7843;1
TJBA;7849;1
TJBA;7851;2
TJBA;7853;2
TJBA;7855;1
TJBA;8225;2
TJBA;49954;1
TJBA;49959;1
TJBA;49962;1
TJBA;49964;1
TJBA;49965;1
TJBA;70846;1
TJCE;11008;1
TJCE;12916;4
TJCE;13402;2
TJCE;13977;1
TJCE;14169;4
TJCE;14320;1
TJCE;16957;2
TJCE;78398;7
TJCE;8451;1
TJCE;8549;7
TJCE;8562;2
TJCE;8566;2
TJCE;8714;2
TJCE;8735;3
TJCE;8745;7
TJCE;50925;2
TJCE;81593;1
TJCE;81594;1
TJCE;81595;1
TJCE;81596;1
TJCE;81597;1
TJCE;81598;1
TJCE;81599;1
TJCE;50865;2
TJCE;79734;2
TJCE;79735;1
TJCE;79736;1
TJCE;79737;1
TJCE;79738;2
TJCE;79739;1
TJCE;79740;1
TJCE;79742;1
TJCE;79743;2
TJCE;79744;1
TJCE;79745;2
TJCE;79746;1
TJCE;79747;1
TJCE;79748;1
TJCE;79749;1
TJCE;79751;2
TJCE;79752;1
TJCE;79753;1
TJCE;79761;1
TJCE;79762;1
TJCE;8412;7
TJCE;8443;2
TJCE;8608;0
TJCE;8626;1
TJCE;8838;2
TJCE;50867;1
TJCE;50868;1
TJCE;72208;1
TJDFT;13596;1
TJDFT;14145;2
TJDFT;14146;2
TJDFT;14147;1
TJDFT;14148;2
TJDFT;16468;2
TJDFT;6549;1
TJDFT;6551;1
TJDFT;6553;1
TJDFT;6558;1
TJDFT;6560;1
TJDFT;6563;1
TJDFT;6564;1
TJDFT;6566;1
TJDFT;6567;1
TJDFT;6571;1
TJDFT;6574;1
TJDFT;6576;1
TJDFT;6579;1
TJDFT;6584;1
TJDFT;6586;1
TJDFT;6590;1
TJDFT;6594;1
TJDFT;6597;1
TJDFT;6600;1
TJDFT;6604;1
TJDFT;6739;1
TJDFT;6752;1
TJDFT;6755;1
TJDFT;6756;1
TJDFT;6760;1
TJDFT;6767;1
TJDFT;6771;1
TJDFT;6772;1
TJDFT;6775;1
TJDFT;6777;1
TJDFT;6778;1
TJDFT;67853;1
TJDFT;67854;1
TJDFT;81325;1
TJDFT;81390;1
TJDFT;81391;1
TJDFT;81392;1
TJDFT;14328;1
TJDFT;16816;1
TJDFT;16817;1
TJDFT;16818;1
TJDFT;16819;1
TJDFT;16914;1
TJDFT;17837;1
TJDFT;43142;1
TJDFT;60795;1
TJDFT;72831;1
TJDFT;72832;1
TJDFT;76528;1
TJDFT;43160;1
TJDFT;6655;1
TJDFT;6658;1
TJDFT;6663;1
TJDFT;6672;1
TJDFT;6674;1
TJDFT;6681;1
TJDFT;43157;1
TJDFT;43158;1
TJDFT;43159;1
TJES;2495;3
TJES;453;3
TJES;2474;2
TJGO;11401;2
TJGO;11403;1
TJGO;11413;2
TJGO;11415;2
TJGO;11448;2
TJGO;11472;2
TJGO;11474;2
TJGO;11481;7
TJGO;11507;3
TJGO;11576;2
TJGO;13307;4
TJGO;13308;2
TJGO;13578;4
TJGO;13838;2
TJGO;13839;1
TJGO;16429;2
TJGO;16431;2
TJGO;78732;1
TJGO;78737;1
TJGO;78739;1
TJGO;78742;2
TJGO;78743;1
TJGO;78745;2
TJGO;78747;2
TJGO;78748;2
TJGO;79346;2
TJGO;11485;2
TJMA;2852;1
TJMA;2868;1
TJMA;19939;1
TJMA;19942;1
TJMA;19943;1
TJMA;19944;1
TJMA;19945;1
TJMA;19946;1
TJMA;77702;1
TJMG;11228;6
TJMG;11652;2
TJMG;3753;3
TJMG;3799;6
TJMG;3852;6
TJMG;3859;2
TJMG;3943;6
TJMG;3991;4
TJMG;4001;4
TJMG;4025;0
TJMG;40326;7
TJMG;4065;7
TJMG;4080;4
TJMG;4103;2
TJMG;4292;4
TJMG;4297;6
TJMG;4303;2
TJMG;5363;7
TJMG;5736;6
TJMG;6188;2
TJMG;81130;0
TJMG;10793;2
TJMG;10798;2
TJMG;11053;2
TJMG;11356;2
TJMG;11699;2
TJMG;12702;2
TJMG;13375;6
TJMG;17296;6
TJMG;34853;7
TJMG;3917;3
TJMG;40011;6
TJMG;40024;7
TJMG;40063;7
TJMG;40102;0
TJMG;4078;0
TJMG;4097;7
TJMG;4223;5
TJMG;4285;2
TJMG;4334;0
TJMG;5293;5
TJMG;5378;0
TJMG;5385;5
TJMG;5459;6
TJMG;5564;5
TJMG;5620;6
TJMG;5727;2
TJMG;5817;6
TJMG;6138;6
TJMT;11234;1
TJMT;18001;4
TJMT;48509;1
TJMT;6295;1
TJMT;6315;1
TJMT;6317;1
TJMT;6319;1
TJMT;6322;1
TJMT;6325;1
TJMT;6341;1
TJMT;6342;1
TJMT;6343;1
TJMT;6344;1
TJMT;6346;1
TJMT;6377;0
TJMT;6500;1
TJMT;6501;1
TJMT;6502;1
TJMT;6505;1
TJMT;6565;0
TJMT;6610;1
TJMT;6647;2
TJMT;6713;0
TJMT;6718;0
TJMT;6801;0
TJMT;7236;1
TJMT;7290;4
TJMT;7322;1
TJMT;7327;1
TJMT;7328;1
TJMT;7330;1
TJMT;7368;2
TJMT;7372;4
TJMT;7390;4
TJMT;7400;4
TJMT;7487;1
TJMT;7496;1
TJMT;7556;0
TJMT;7617;4
TJMT;7627;2
TJMT;7737;0
TJMT;7741;0
TJMT;7759;4
TJMT;7761;4
TJMT;7776;7
TJMT;7779;4
TJMT;7780;2
TJMT;7781;4
TJMT;8074;2
TJMT;8075;2
TJMT;48625;2
TJMT;48643;2
TJMT;81012;2
TJMT;81413;2
TJMT;51807;1
TJMT;51808;1
TJMT;51809;1
TJMT;51810;1
TJMT;6493;1
TJMT;6495;1
TJMT;6496;1
TJMT;6498;1
TJMT;6678;1
TJMT;6687;1
TJMT;6723;7
TJMT;6802;0
TJMT;7245;2
TJMT;7311;4
TJMT;7338;1
TJMT;7381;4
TJMT;7433;4
TJMT;7765;4
TJMT;7778;7
TJMT;77960;1
TJMT;8245;2
TJMT;48732;2
TJMT;48735;2
TJMT;51792;1
TJPA;17356;1
TJPA;17904;2
TJPA;23116;1
TJPA;2793;1
TJPA;2795;1
TJPA;2796;1
TJPA;2798;1
TJPA;2799;1
TJPA;2801;1
TJPA;2803;1
TJPA;2805;1
TJPA;2808;1
TJPA;2810;1
TJPA;2813;2
TJPA;2817;1
TJPA;2866;1
TJPA;2871;1
TJPA;2874;1
TJPA;3145;2
TJPA;3147;0
TJPA;3151;7
TJPA;3157;1
TJPA;5359;1
TJPA;5362;1
TJPA;5437;1
TJPA;5446;2
TJPA;5476;0
TJPA;5483;7
TJPA;5504;0
TJPA;6056;2
TJPA;6105;0
TJPA;6211;3
TJPA;6442;0
TJPA;6456;1
TJPA;6457;1
TJPA;6458;1
TJPA;6472;7
TJPA;6473;7
TJPA;6476;1
TJPA;6822;4
TJPA;6829;1
TJPA;6830;1
TJPA;6865;0
TJPA;6872;0
TJPA;6934;4
TJPA;6941;0
TJPA;6947;7
TJPA;6972;2
TJPA;6977;2
TJPA;7006;2
TJPA;7051;1
TJPA;72025;2
TJPA;7784;1
TJPA;7887;4
TJPA;81607;1
TJPA;81666;1
TJPA;23043;2
TJPA;23044;2
TJPA;23054;2
TJPA;13710;1
TJPA;17355;1
TJPA;23114;1
TJPA;23117;7
TJPA;3207;1
TJPA;3211;1
TJPA;3217;1
TJPA;3222;1
TJPA;3226;1
TJPA;3230;1
TJPA;3247;1
TJPA;3250;1
TJPA;3252;1
TJPA;3255;1
TJPA;3257;2
TJPA;3261;1
TJPA;3263;1
TJPA;3268;1
TJPA;3277;1
TJPA;81565;2
TJPA;8305;1
TJPA;8312;7
TJPA;8314;1
TJPA;8315;1
TJPA;23111;1
TJPB;16324;0
TJPB;16509;5
TJPB;21759;0
TJPB;4513;5
TJPB;5365;5
TJPB;5369;5
TJPB;5371;5
TJPB;5375;5
TJPB;5377;5
TJPB;5392;5
TJPB;5395;5
TJPB;5546;5
TJPB;5549;5
TJPB;5559;5
TJPB;5688;5
TJPB;6006;5
TJPB;6040;0
TJPB;6052;0
TJPB;6878;5
TJPB;7374;5
TJPB;7382;5
TJPB;7391;5
TJPB;7392;5
TJPB;7401;5
TJPB;7756;5
TJPB;21898;5
TJPB;21901;5
TJPB;21902;5
TJPB;21905;5
TJPB;21906;5
TJPB;21907;5
TJPB;21910;5
TJPB;21911;5
TJPB;21913;5
TJPB;21914;5
TJPB;21916;5
TJPB;16297;5
TJPB;16322;5
TJPB;18315;5
TJPB;5674;5
TJPB;5684;5
TJPB;6043;0
TJPB;6057;0
TJPB;6130;0
TJPB;6149;0
TJPB;6168;5
TJPB;6169;5
TJPB;6884;5
TJPB;7342;0
TJPB;7464;5
TJPB;7467;5
TJPB;74670;5
TJPE;17371;2
TJPE;17372;2
TJPE;17374;7
TJPE;17396;1
TJPE;18017;2
TJPE;18024;2
TJPE;18030;2
TJPE;18034;2
TJPE;18043;2
TJPE;18045;2
TJPE;18046;2
TJPE;18052;2
TJPE;18059;2
TJPE;18074;1
TJPE;18075;1
TJPE;18076;1
TJPE;18077;1
TJPE;6659;1
TJPE;6665;1
TJPE;6693;1
TJPE;6779;1
TJPE;6846;1
TJPE;6847;1
TJPE;6849;1
TJPE;6863;1
TJPE;6914;7
TJPE;6918;4
TJPE;6919;4
TJPE;6920;7
TJPE;6922;7
TJPE;6926;0
TJPE;6929;7
TJPE;6980;7
TJPE;6988;7
TJPE;7063;2
TJPE;7068;2
TJPE;7108;7
TJPE;7112;0
TJPE;7126;2
TJPE;7133;2
TJPE;7146;2
TJPE;7361;0
TJPE;7367;7
TJPE;7369;2
TJPE;7396;2
TJPE;7399;1
TJPE;7405;2
TJPE;7426;7
TJPE;7463;7
TJPE;7489;2
TJPE;7544;2
TJPE;7549;2
TJPE;7581;2
TJPE;7619;1
TJPE;7628;7
TJPE;7655;2
TJPE;7668;2
TJPE;7709;2
TJPE;7739;2
TJPE;7750;2
TJPE;9175;2
TJPE;70619;2
TJPE;70620;2
TJPE;70622;2
TJPE;70628;2
TJPE;70636;2
TJPE;70638;1
TJPE;70641;2
TJPE;70643;2
TJPE;70644;1
TJPE;70647;2
TJPE;70650;2
TJPE;70651;2
TJPE;70652;2
TJPE;70653;2
TJPE;70654;1
TJPE;70655;2
TJPE;70656;2
TJPE;70665;2
TJPE;70667;1
TJPE;70668;1
TJPE;16313;1
TJPE;16645;1
TJPE;17369;1
TJPE;17384;2
TJPE;17385;1
TJPE;17388;2
TJPE;17389;2
TJPE;17390;2
TJPE;17391;2
TJPE;17397;2
TJPE;17407;2
TJPE;17411;7
TJPE;6746;2
TJPE;6944;2
TJPE;7026;1
TJPE;7055;1
TJPE;70593;1
TJPE;70594;2
TJPE;70595;2
TJPE;72681;2
TJPE;7460;1
TJPE;7486;2
TJPE;7698;2
TJPE;74533;2
TJPE;74534;2
TJPI;11287;0
TJPI;11290;3
TJPI;11312;0
TJPI;11335;3
TJPI;11340;0
TJPI;11348;5
TJPI;11349;5
TJPI;14059;5
TJPI;14060;5
TJPI;17942;5
TJPI;17943;5
TJPI;5334;5
TJPI;5342;5
TJPI;6090;5
TJPI;6093;5
TJPI;6096;5
TJPI;6825;0
TJPI;6848;0
TJPI;6857;0
TJPI;6891;5
TJPI;6899;5
TJPI;6909;0
TJPI;7001;5
TJPI;7028;3
TJPI;72282;3
TJPI;64590;5
TJPI;64592;5
TJPI;64599;5
TJPI;78725;5
TJPI;7024;0
TJPI;72284;0
TJPR;8874;3
TJPR;9206;3
TJPR;10981;2
TJPR;10983;2
TJPR;10991;2
TJPR;10995;2
TJPR;11006;2
TJPR;11036;6
TJPR;11037;6
TJPR;11038;6
TJPR;11039;6
TJPR;11040;6
TJPR;16449;4
TJPR;8977;3
TJPR;8986;2
TJPR;9070;7
TJPR;9096;4
TJPR;9204;7
TJPR;9210;2
TJPR;9214;0
TJRJ;11839;2
TJRJ;7136;2
TJRJ;7215;6
TJRJ;7248;6
TJRJ;7271;5
TJRJ;7272;2
TJRJ;7293;6
TJRJ;7484;6
TJRJ;7510;2
TJRJ;7511;2
TJRJ;7529;2
TJRJ;7613;2
TJRJ;7637;2
TJRJ;7643;2
TJRJ;7656;2
TJRJ;7695;2
TJRJ;7702;2
TJRJ;7743;2
TJRJ;7760;2
TJRJ;7764;2
TJRJ;7791;2
TJRJ;7824;2
TJRJ;7854;2
TJRJ;7860;2
TJRJ;7873;6
TJRJ;7874;2
TJRJ;7877;6
TJRJ;7894;2
TJRJ;8004;2
TJRJ;8038;2
TJRN;4439;5
TJRN;4705;5
TJRN;4709;5
TJRN;4712;5
TJRN;4716;5
TJRN;4719;5
TJRN;4724;5
TJRN;4725;5
TJRN;4726;5
TJRN;4729;5
TJRN;4731;5
TJRN;4733;5
TJRN;4738;5
TJRN;4741;5
TJRN;4743;5
TJRN;4744;5
TJRN;4747;5
TJRN;4764;5
TJRN;4765;5
TJRN;4766;5
TJRN;4767;5
TJRN;4778;5
TJRN;5614;0
TJRN;5629;3
TJRN;5642;0
TJRN;5650;0
TJRN;5669;0
TJRN;5694;5
TJRN;5697;5
TJRN;5701;5
TJRN;5705;5
TJRN;5815;0
TJRN;5829;0
TJRN;5837;0
TJRN;5857;0
TJRN;5877;5
TJRN;5880;5
TJRN;5881;5
TJRN;5896;0
TJRN;5965;3
TJRN;5967;0
TJRN;5992;3
TJRN;5998;3
TJRN;6003;3
TJRN;6004;5
TJRN;77276;5
TJRN;77277;5
TJRN;77278;5
TJRN;77279;5
TJRN;78887;5
TJRN;53356;5
TJRN;53357;5
TJRN;53358;5
TJRN;53359;5
TJRN;53360;5
TJRN;53361;5
TJRN;53364;5
TJRN;53365;5
TJRN;53367;5
TJRN;53368;5
TJRN;53369;5
TJRN;53370;5
TJRN;53372;5
TJRN;53373;5
TJRN;13282;5
TJRN;13283;5
TJRN;13284;5
TJRN;13285;5
TJRN;13286;5
TJRN;13288;5
TJRN;13289;5
TJRN;13290;5
TJRN;13291;5
TJRN;13292;5
TJRN;13293;5
TJRN;5153;5
TJRN;76746;5
TJRN;77266;5
TJRN;77267;5
TJRN;77268;5
TJRN;51693;5
TJRN;51694;5
TJRN;51695;5
TJRO;13324;0
TJRO;13325;0
TJRO;13326;1
TJRO;16562;1
TJRO;2792;1
TJRO;3346;1
TJRO;3349;1
TJRO;3356;1
TJRO;3358;1
TJRO;3420;0
TJRO;3421;0
TJRO;3422;0
TJRO;3423;0
TJRO;3427;0
TJRO;3430;0
TJRO;3431;0
TJRO;3434;0
TJRO;3435;0
TJRO;3436;0
TJRO;3437;0
TJRO;3439;0
TJRO;3444;0
TJRO;3445;0
TJRO;3447;0
TJRO;3448;0
TJRO;3449;0
TJRO;3453;0
TJRO;3456;0
TJRO;3457;0
TJRO;3465;1
TJRO;3469;1
TJRO;3477;1
TJRO;3482;1
TJRO;4440;5
TJRO;4441;5
TJRO;4442;5
TJRO;4443;5
TJRO;4444;5
TJRO;16566;2
TJRO;16567;2
TJRO;16572;2
TJRO;16574;1
TJRO;16575;2
TJRO;16576;2
TJRO;16577;2
TJRO;16579;2
TJRO;16581;2
TJRO;16583;2
TJRO;16584;2
TJRO;17836;1
TJRO;3426;0
TJRO;3429;0
TJRO;3443;0
TJRO;3452;0
TJRO;3459;0
TJRO;4448;5
TJRO;4463;1
TJRR;2765;1
TJRR;2766;1
TJRR;2767;1
TJRR;2768;1
TJRR;72046;1
TJRR;72047;1
TJRR;2776;1
TJRR;2777;1
TJRR;2778;1
TJRS;11326;2
TJRS;17487;5
TJRS;2954;2
TJRS;2960;3
TJRS;2989;0
TJRS;3052;7
TJRS;3093;5
TJRS;3111;2
TJRS;3196;2
TJRS;3205;2
TJRS;3210;6
TJRS;3216;6
TJRS;3260;6
TJRS;3288;2
TJRS;3289;2
TJRS;3294;2
TJRS;3310;2
TJRS;3320;6
TJRS;3323;6
TJRS;3327;2
TJRS;3336;2
TJRS;3344;2
TJRS;3345;2
TJRS;3367;6
TJRS;3369;6
TJRS;3386;2
TJRS;3387;2
TJRS;3388;2
TJRS;3389;2
TJRS;3390;2
TJRS;3391;6
TJRS;3392;2
TJRS;3395;2
TJRS;3396;2
TJRS;3397;2
TJRS;3398;2
TJRS;3399;2
TJRS;3400;2
TJRS;3401;2
TJRS;3402;2
TJRS;3413;6
TJRS;3742;2
TJRS;3793;2
TJRS;3802;2
TJRS;3810;2
TJRS;3821;6
TJRS;3825;2
TJRS;3841;2
TJRS;3843;6
TJRS;3854;2
TJRS;3861;2
TJRS;3866;2
TJRS;3872;2
TJRS;3921;6
TJRS;3988;5
TJRS;3994;5
TJRS;4054;6
TJRS;4059;6
TJRS;4066;6
TJRS;4161;7
TJRS;4180;2
TJRS;4183;2
TJRS;4188;2
TJRS;75423;6
TJRS;77703;0
TJRS;9178;2
TJRS;9243;2
TJRS;17469;2
TJRS;3117;2
TJRS;3835;0
TJRS;3888;6
TJSC;13358;4
TJSC;13817;1
TJSC;13821;2
TJSC;13822;2
TJSC;13894;1
TJSC;13919;1
TJSC;13923;2
TJSC;14086;1
TJSC;14099;1
TJSC;16946;1
TJSC;4262;1
TJSC;4267;2
TJSC;4598;4
TJSC;4601;2
TJSC;4677;2
TJSC;4737;4
TJSC;5643;1
TJSC;5658;1
TJSC;5665;1
TJSC;5673;1
TJSC;5700;2
TJSC;5739;1
TJSC;5776;1
TJSC;5783;1
TJSC;5784;1
TJSC;5787;1
TJSC;5793;4
TJSC;5840;1
TJSC;5842;1
TJSC;5846;1
TJSC;5876;4
TJSC;5888;2
TJSC;5897;2
TJSC;5901;4
TJSC;5905;0
TJSC;5912;2
TJSC;5923;2
TJSC;5924;4
TJSC;5926;4
TJSC;5933;4
TJSC;5937;7
TJSC;5941;4
TJSC;5944;7
TJSC;5949;4
TJSC;5955;2
TJSC;5957;2
TJSC;5962;4
TJSC;5963;4
TJSC;6234;2
TJSC;6237;1
TJSC;6239;1
TJSC;6245;1
TJSC;6247;1
TJSC;6270;2
TJSC;6272;2
TJSC;6275;2
TJSC;6276;2
TJSC;6278;2
TJSC;77977;1
TJSC;8216;2
TJSC;8217;2
TJSC;8218;2
TJSC;8236;1
TJSC;8238;4
TJSC;8239;4
TJSC;8241;2
TJSC;8242;4
TJSC;8246;2
TJSC;8247;2
TJSC;8252;4
TJSC;8254;2
TJSC;8263;2
TJSC;8266;1
TJSC;8267;1
TJSC;8276;2
TJSC;17005;1
TJSC;17006;2
TJSC;17007;2
TJSC;11682;1
TJSC;13815;4
TJSC;17505;2
TJSC;17528;1
TJSC;18399;2
TJSC;18400;2
TJSC;18432;1
TJSC;4577;1
TJSC;4618;0
TJSC;4771;7
TJSC;5649;7
TJSC;5747;1
TJSC;6226;2
TJSC;6231;1
TJSC;6294;1
TJSC;8250;2
TJSC;8272;1
TJSC;8282;4
TJSC;8881;2
TJSC;8973;1
TJSE;11701;5
TJSE;8327;5
TJSE;8328;5
TJSE;8329;5
TJSE;8332;5
TJSE;8333;5
TJSE;8334;5
TJSE;8335;5
TJSE;8336;5
TJSE;8337;5
TJSE;8338;5
TJSE;8339;5
TJSE;8340;5
TJSE;8343;5
TJSE;8361;0
TJSE;8366;0
TJSE;8380;5
TJSE;8417;0
TJSE;8423;0
TJSE;8481;5
TJSE;8489;0
TJSE;8498;0
TJSE;8507;5
TJSE;8510;5
TJSE;8577;5
TJSE;8598;5
TJSE;8621;0
TJSE;27842;5
TJSE;27843;5
TJSE;27844;5
TJSE;27845;5
TJSE;27847;5
TJSE;27848;5
TJSE;27849;5
TJSE;27850;5
TJSE;27851;5
TJSE;53286;5
TJSE;17047;5
TJSE;17048;5
TJSE;18123;5
TJSE;18124;5
TJSE;8372;0
TJSE;8374;5
TJSE;8376;5
TJSE;8377;5
TJSE;8378;5
TJSE;8379;5
TJSE;8447;0
TJSE;8514;0
TJSE;8587;5
TJSE;8607;5
TJSE;8635;0
TJSE;27836;5
TJTO;3956;5
TJTO;3970;5
TJTO;4296;5
TJTO;4309;0
TJTO;4322;0
TJTO;4326;0
TJTO;4362;3
TJTO;5155;0
TJTO;5157;0
TJTO;5163;0
TJTO;5170;0
TJTO;5173;3
TJTO;5178;1
TJTO;5184;1
TJTO;5189;1
TJTO;5195;1
TJTO;5198;1
TJTO;5213;1
TJTO;5220;0
TJTO;5268;3
TJTO;5299;3
TJTO;4341;0
TJTO;5209;1
TJTO;5258;0
TJAC;14075;4
TJAC;3588;0
TJAC;3591;0
TJAC;3605;0
TJAC;3609;0
TJAC;3614;0
TJAC;3615;0
TJAC;3625;4
TJAC;3626;4
TJAC;3627;4
TJAC;3628;4
TJAC;3629;4
TJAC;3638;4
TJAC;6379;4
TJAC;74300;0
TJAC;8154;0
TJAC;8156;0
TJAC;81694;4
TJAC;33548;4
TJAC;74296;4
TJAC;16426;4
TJAC;3644;4
TJAC;3645;4
TJAL;6201;0
TJAL;6360;4
TJAL;6368;4
TJAL;8180;4
TJAL;8191;4
TJAM;5084;0
TJAM;5097;0
TJAM;5102;0
TJAM;76533;2
TJAM;4922;2
TJAP;13396;4
TJAP;13605;4
TJAP;13697;4
TJAP;13720;4
TJAP;16037;4
TJAP;6171;4
TJAP;6172;4
TJAP;6398;4
TJAP;6399;4
TJAP;6406;0
TJAP;6411;4
TJAP;6412;4
TJAP;75533;4
TJAP;43924;4
TJAP;13721;4
TJBA;49709;5
TJBA;5147;5
TJBA;5235;6
TJBA;5275;5
TJBA;49971;5
TJBA;49972;5
TJBA;49985;5
TJCE;14329;6
TJCE;14332;6
TJCE;16505;5
TJCE;50921;6
TJCE;50922;6
TJCE;81560;6
TJDFT;12139;2
TJDFT;12923;2
TJDFT;13122;2
TJDFT;39;1
TJDFT;43067;2
TJDFT;6617;2
TJDFT;6623;2
TJDFT;6625;2
TJDFT;6630;2
TJDFT;6634;2
TJDFT;6637;2
TJDFT;6641;2
TJDFT;6643;2
TJDFT;6644;2
TJDFT;6715;2
TJDFT;6745;2
TJDFT;6780;2
TJDFT;6782;2
TJDFT;6784;2
TJDFT;67852;2
TJDFT;6786;2
TJDFT;16814;2
TJDFT;16815;2
TJDFT;16837;2
TJDFT;6660;2
TJDFT;6675;2
TJDFT;67791;2
TJES;1046;1
TJES;198;5
TJES;2535;1
TJES;78;5
TJGO;11538;3
TJGO;11544;0
TJGO;13693;0
TJGO;13746;3
TJGO;81457;5
TJGO;81461;1
TJGO;11456;2
TJMA;14072;6
TJMA;2869;6
TJMA;2877;6
TJMA;19947;2
TJMA;19948;2
TJMA;19949;2
TJMG;11059;5
TJMG;11156;3
TJMG;13351;0
TJMG;13573;3
TJMG;16546;3
TJMG;3895;0
TJMG;3919;4
TJMG;3926;0
TJMG;3936;0
TJMG;4042;0
TJMG;4055;5
TJMG;4150;3
TJMG;4160;0
TJMG;4164;0
TJMG;4184;0
TJMG;4187;0
TJMG;4222;5
TJMG;4234;0
TJMG;4241;3
TJMG;4250;0
TJMG;4269;0
TJMG;4319;3
TJMG;4359;2
TJMG;4363;2
TJMG;4366;2
TJMG;5335;0
TJMG;5350;0
TJMG;5353;0
TJMG;5442;2
TJMG;5740;2
TJMG;5809;0
TJMG;81132;0
TJMG;81133;0
TJMG;8170;3
TJMT;16501;1
TJMT;48402;5
TJMT;48415;3
TJMT;6371;2
TJMT;6373;2
TJMT;6374;2
TJMT;6381;2
TJMT;6382;2
TJMT;6383;2
TJMT;6542;2
TJMT;6543;2
TJMT;6636;5
TJMT;6698;3
TJMT;6737;5
TJMT;7341;2
TJMT;7516;1
TJMT;7521;1
TJMT;75571;3
TJMT;75572;1
TJMT;7591;3
TJMT;7601;3
TJMT;7651;1
TJMT;7664;1
TJMT;7680;5
TJMT;7686;1
TJMT;7754;1
TJMT;7767;3
TJMT;7770;3
TJMT;7777;5
TJMT;77959;2
TJMT;8027;3
TJMT;8030;3
TJMT;8041;5
TJMT;8043;5
TJMT;8077;3
TJMT;8080;1
TJMT;8084;1
TJMT;8088;1
TJMT;8140;1
TJMT;48616;2
TJMT;48622;2
TJMT;48624;2
TJMT;48626;2
TJMT;48631;2
TJMT;48637;2
TJMT;48638;2
TJMT;48640;2
TJMT;81223;2
TJPA;12572;6
TJPA;12703;6
TJPA;13360;5
TJPA;18422;2
TJPA;3077;6
TJPA;3184;5
TJPA;5454;2
TJPA;6448;5
TJPA;6470;2
TJPA;6471;2
TJPA;6477;5
TJPA;6824;3
TJPA;6834;2
TJPA;6861;5
TJPA;6952;5
TJPA;7019;5
TJPA;7813;2
TJPA;7892;3
TJPA;8158;3
TJPA;8159;3
TJPA;81672;6
TJPA;23062;5
TJPB;14104;4
TJPB;16300;4
TJPB;16511;4
TJPB;5569;4
TJPB;6009;4
TJPB;6010;4
TJPB;6011;4
TJPB;6013;0
TJPB;6051;0
TJPB;6059;0
TJPB;6131;0
TJPB;6140;0
TJPB;6153;0
TJPB;6156;4
TJPB;6158;4
TJPB;6875;4
TJPB;6883;4
TJPB;7352;0
TJPB;7402;4
TJPB;7407;4
TJPB;8880;0
TJPB;21899;4
TJPB;21900;4
TJPB;21904;4
TJPB;17364;4
TJPB;6152;0
TJPB;7469;4
TJPE;13386;0
TJPE;13387;0
TJPE;13559;0
TJPE;16428;5
TJPE;16590;5
TJPE;16913;0
TJPE;18299;5
TJPE;6730;2
TJPE;6797;2
TJPE;6915;5
TJPE;6948;2
TJPE;6953;2
TJPE;7037;5
TJPE;7067;5
TJPE;7081;5
TJPE;7116;0
TJPE;7173;5
TJPE;7191;5
TJPE;7203;5
TJPE;7411;5
TJPE;7417;3
TJPE;7473;6
TJPE;7539;5
TJPE;7575;6
TJPE;7596;1
TJPE;7611;6
TJPE;7635;5
TJPE;7704;5
TJPE;7733;5
TJPE;7738;5
TJPE;78045;5
TJPE;78056;0
TJPE;70637;2
TJPI;11336;0
TJPI;11339;0
TJPI;11344;4
TJPI;11345;4
TJPI;11353;0
TJPI;11354;0
TJPI;11357;4
TJPI;12998;4
TJPI;16536;0
TJPI;5356;4
TJPI;5380;4
TJPI;5387;4
TJPI;5389;4
TJPI;5394;4
TJPI;5396;4
TJPI;5402;4
TJPI;74664;4
TJPI;64601;4
TJPI;64602;4
TJPI;64603;4
TJPI;64604;4
TJPI;64605;4
TJPI;64606;4
TJPR;9226;3
TJRJ;63494;2
TJRJ;7194;2
TJRJ;7196;2
TJRJ;7358;2
TJRJ;7645;2
TJRJ;7653;2
TJRJ;7685;2
TJRJ;7903;5
TJRJ;8005;2
TJRN;12925;4
TJRN;13275;4
TJRN;4815;4
TJRN;4816;4
TJRN;5636;0
TJRN;5768;4
TJRN;5770;4
TJRN;5773;4
TJRN;5827;0
TJRN;5887;4
TJRN;6005;4
TJRN;6555;4
TJRN;77157;4
TJRN;77164;4
TJRN;53362;4
TJRN;53363;4
TJRN;53366;4
TJRO;17466;2
TJRO;3424;0
TJRO;3425;0
TJRO;3432;0
TJRO;3433;0
TJRO;3438;0
TJRO;3440;0
TJRO;3442;0
TJRO;3446;0
TJRO;3450;0
TJRO;3451;0
TJRO;3455;0
TJRO;3458;0
TJRO;3473;2
TJRO;3475;2
TJRO;4445;4
TJRO;4446;4
TJRO;4447;4
TJRO;4449;2
TJRO;4450;2
TJRO;4453;2
TJRO;16568;2
TJRO;16571;2
TJRO;16578;2
TJRO;16580;2
TJRO;16582;2
TJRO;18260;2
TJRO;4458;2
TJRR;12786;2
TJRR;13674;2
TJRR;2774;2
TJRR;2775;2
TJRR;76559;2
TJRR;2779;2
TJRS;3853;0
TJSC;11679;3
TJSC;11870;3
TJSC;12734;3
TJSC;12735;6
TJSC;12814;2
TJSC;13109;3
TJSC;13146;2
TJSC;13156;3
TJSC;13895;3
TJSC;13908;3
TJSC;13910;0
TJSC;13920;3
TJSC;13935;3
TJSC;13959;3
TJSC;14085;0
TJSC;18401;2
TJSC;4748;3
TJSC;5693;2
TJSC;5698;2
TJSC;5751;2
TJSC;5791;2
TJSC;5795;2
TJSC;5801;2
TJSC;5805;2
TJSC;5849;2
TJSC;5852;2
TJSC;5930;3
TJSC;5934;3
TJSC;6216;2
TJSC;6238;3
TJSC;6240;2
TJSC;6242;2
TJSC;6252;2
TJSC;6253;2
TJSC;6267;2
TJSC;6280;2
TJSC;6281;2
TJSC;6284;2
TJSC;76481;3
TJSC;8219;2
TJSC;8220;2
TJSC;8237;2
TJSC;8240;3
TJSC;8244;3
TJSC;8268;2
TJSC;8269;2
TJSC;8278;3
TJSC;8279;3
TJSC;13818;2
TJSC;5835;2
TJSE;11850;0
TJSE;13691;0
TJSE;13788;0
TJSE;14408;0
TJSE;18228;0
TJSE;8349;4
TJSE;8355;4
TJSE;8358;4
TJSE;8359;4
TJSE;8362;4
TJSE;8365;4
TJSE;8367;4
TJSE;8368;4
TJSE;8370;0
TJSE;8373;4
TJSE;8404;0
TJSE;8433;0
TJSE;8478;0
TJSE;8506;0
TJSE;8521;0
TJSE;8529;0
TJSE;8557;0
TJSE;8582;4
TJSE;8588;0
TJSE;8603;4
TJSE;8630;0
TJSE;8643;0
TJSE;8663;0
TJSE;27846;4
TJSE;48145;4
TJSE;71971;4
TJSE;8382;4
TJTO;4274;4
TJTO;4312;0
TJTO;4328;0
TJTO;5158;0
TJTO;5159;0
TJTO;5174;1
TJTO;5179;2
TJTO;5185;2
TJTO;5196;2
TJTO;5222;0
TJTO;5284;0
TJTO;5289;0
TJTO;5351;0
TJTO;5470;2
TJAC;16317;2
TJAC;17049;2
TJAC;17050;2
TJAC;17054;2
TJAC;33547;2
TJAC;3636;2
TJAC;74302;2
TJAC;8148;2
TJAC;8149;2
TJAC;8150;2
TJAC;8151;2
TJAC;8152;2
TJAC;33563;2
TJAL;5756;1
TJAL;5789;2
TJAL;5794;0
TJAL;5862;2
TJAL;5872;0
TJAL;5904;0
TJAL;5907;0
TJAL;6203;4
TJAL;6246;2
TJAL;6504;0
TJAL;6550;0
TJAL;6572;2
TJAL;6592;1
TJAM;5052;0
TJAM;5073;0
TJAM;5075;4
TJAM;5076;4
TJAM;5079;0
TJAM;5091;0
TJAM;5093;0
TJAM;5094;0
TJAM;5095;2
TJAM;5098;4
TJAM;5104;4
TJAM;5106;4
TJAM;5112;4
TJAM;74447;3
TJAM;5066;4
TJAP;13703;2
TJAP;16409;2
TJAP;6147;2
TJAP;6151;2
TJAP;6155;2
TJAP;6157;4
TJAP;6160;4
TJAP;6404;2
TJAP;6407;2
TJAP;6416;2
TJAP;6417;2
TJAP;78603;4
TJAP;43866;2
TJBA;18291;0
TJBA;3939;0
TJBA;4592;5
TJBA;4662;0
TJBA;4859;0
TJBA;49645;5
TJBA;50007;5
TJBA;5002;0
TJBA;5008;5
TJBA;5016;1
TJBA;5121;0
TJBA;5199;1
TJBA;5205;0
TJBA;5211;0
TJBA;5239;5
TJBA;5252;0
TJBA;5267;3
TJBA;5290;5
TJBA;5300;0
TJBA;5316;3
TJBA;5443;0
TJBA;5524;5
TJBA;6095;5
TJBA;6321;0
TJBA;6459;1
TJBA;6461;0
TJBA;6520;5
TJBA;6532;0
TJBA;79822;2
TJCE;14170;1
TJCE;16251;0
TJCE;16252;0
TJCE;16594;0
TJCE;78390;0
TJCE;78403;1
TJCE;8381;0
TJCE;8389;0
TJCE;8392;0
TJCE;8395;0
TJCE;8407;0
TJCE;8409;5
TJCE;8415;0
TJCE;8426;0
TJCE;8442;0
TJCE;8530;0
TJCE;8533;0
TJCE;8537;0
TJCE;8553;0
TJCE;8568;0
TJCE;8601;0
TJCE;8671;2
TJCE;8676;1
TJCE;8689;0
TJCE;8694;0
TJCE;8716;0
TJCE;8732;0
TJCE;8738;1
TJCE;8746;5
TJCE;8747;1
TJDFT;6635;6
TJDFT;6639;6
TJDFT;6764;6
TJDFT;6768;6
TJDFT;6791;3
TJES;2153;1
TJES;2155;0
TJES;2158;0
TJES;2168;2
TJES;299;0
TJES;1045;1
TJES;1204;6
TJES;1205;1
TJES;1212;5
TJES;1238;1
TJES;1244;1
TJES;1248;1
TJES;1290;0
TJES;1573;1
TJES;1633;6
TJES;1641;0
TJES;1667;6
TJES;1683;6
TJES;1690;6
TJES;1706;3
TJES;1733;5
TJES;1744;1
TJES;1764;1
TJES;1798;6
TJES;1821;2
TJES;1824;1
TJES;1909;6
TJES;197;2
TJES;1977;1
TJES;1982;3
TJES;2041;1
TJES;2121;5
TJES;2135;5
TJES;2150;0
TJES;2363;5
TJES;2480;2
TJES;2494;5
TJES;2505;6
TJES;2534;1
TJES;513;5
TJES;689;5
TJES;715;0
TJGO;11532;3
TJGO;11602;3
TJGO;11615;3
TJMA;11158;1
TJMA;14070;1
TJMA;2872;5
TJMA;2879;1
TJMA;2881;1
TJMA;2884;0
TJMA;3199;2
TJMA;3202;1
TJMA;3206;1
TJMA;3208;1
TJMA;3212;1
TJMA;3214;1
TJMG;10792;2
TJMG;13011;0
TJMG;3115;0
TJMG;3682;3
TJMG;3744;1
TJMG;3767;2
TJMG;3775;2
TJMG;3784;2
TJMG;3792;3
TJMG;3796;2
TJMG;3847;0
TJMG;3910;2
TJMG;3916;3
TJMG;3920;2
TJMG;3944;2
TJMG;3977;2
TJMG;3993;1
TJMG;4056;2
TJMG;4064;4
TJMG;4083;4
TJMG;4102;2
TJMG;4125;2
TJMG;4256;1
TJMG;4295;0
TJMG;4307;2
TJMG;4378;2
TJMG;4382;2
TJMG;4392;2
TJMG;4409;2
TJMG;4422;2
TJMG;5317;0
TJMG;5360;0
TJMG;5513;2
TJMG;5612;2
TJMG;5638;0
TJMG;5797;2
TJMG;3676;3
TJMG;3688;2
TJMG;3694;3
TJMG;3701;6
TJMG;3710;3
TJMG;3756;3
TJMG;3761;1
TJMG;3808;2
TJMG;3842;2
TJMG;3865;4
TJMG;3883;2
TJMG;4022;2
TJMG;4126;2
TJMG;4376;3
TJMG;5632;2
TJMG;5691;2
TJMT;48435;6
TJMT;48493;3
TJMT;48523;3
TJMT;6356;3
TJMT;8094;6
TJMT;8095;6
TJMT;8096;3
TJMT;8097;6
TJMT;8098;2
TJMT;8099;6
TJMT;8100;6
TJMT;8101;2
TJMT;8102;5
TJMT;8103;6
TJMT;8104;2
TJMT;8105;6
TJMT;8107;5
TJMT;8108;3
TJMT;8110;3
TJMT;8111;3
TJMT;8112;2
TJMT;8113;6
TJMT;8114;3
TJMT;8115;6
TJMT;8116;6
TJMT;8117;6
TJMT;8118;3
TJMT;8119;3
TJMT;8126;6
TJMT;8128;5
TJMT;8130;3
TJMT;8131;2
TJMT;8132;6
TJMT;8133;2
TJMT;8135;2
TJMT;8137;2
TJMT;8138;2
TJMT;8141;2
TJMT;8142;6
TJMT;8143;6
TJMT;8144;6
TJMT;8146;3
TJMT;48614;6
TJPA;16514;0
TJPA;3162;0
TJPA;3174;0
TJPA;5381;0
TJPA;5384;0
TJPA;5399;5
TJPA;5413;5
TJPA;5424;1
TJPA;6023;0
TJPA;6034;0
TJPA;6037;0
TJPA;6063;1
TJPA;6069;1
TJPA;6089;1
TJPA;6122;1
TJPA;6133;1
TJPA;6173;5
TJPA;6178;1
TJPA;6185;1
TJPA;6189;1
TJPA;6191;1
TJPA;6195;0
TJPA;6196;5
TJPA;6200;1
TJPA;6206;0
TJPA;6405;1
TJPA;6408;0
TJPA;6419;5
TJPA;6430;5
TJPA;6435;1
TJPA;6466;5
TJPA;6484;5
TJPA;6485;1
TJPA;6490;0
TJPA;6492;5
TJPA;6841;0
TJPA;6873;1
TJPA;6877;3
TJPA;6882;1
TJPA;6925;0
TJPA;6937;0
TJPA;6965;5
TJPA;7033;5
TJPA;7787;0
TJPA;7788;1
TJPA;7789;0
TJPA;7790;1
TJPA;7793;0
TJPA;7795;5
TJPA;7825;5
TJPA;7830;5
TJPA;7895;1
TJPA;23087;0
TJPB;13149;4
TJPB;13150;2
TJPB;14105;2
TJPB;14114;4
TJPB;16547;0
TJPB;17359;2
TJPB;17362;4
TJPB;5599;2
TJPB;5606;2
TJPB;5609;2
TJPB;5635;2
TJPB;6014;2
TJPB;6015;0
TJPB;6017;2
TJPB;6042;4
TJPB;6044;2
TJPB;6047;2
TJPB;6062;4
TJPB;6070;4
TJPB;6109;4
TJPB;6110;4
TJPB;6113;2
TJPB;6114;2
TJPB;6118;4
TJPB;6119;4
TJPB;6126;4
TJPB;6137;2
TJPB;6139;2
TJPB;6141;2
TJPB;6143;0
TJPB;6146;4
TJPB;6161;2
TJPB;6163;2
TJPB;6808;2
TJPB;6813;2
TJPB;6820;4
TJPB;6901;4
TJPB;6903;4
TJPB;6976;2
TJPB;6984;0
TJPB;72357;2
TJPB;7331;4
TJPB;7339;4
TJPB;7354;2
TJPB;7356;2
TJPB;7360;0
TJPB;7432;2
TJPB;7436;2
TJPB;7445;2
TJPB;7498;1
TJPB;7509;2
TJPB;7526;2
TJPB;7534;2
TJPB;7550;2
TJPB;7558;1
TJPB;7564;2
TJPB;7569;2
TJPB;21903;2
TJPB;21909;2
TJPB;21912;2
TJPB;6134;0
TJPB;6136;0
TJPB;6142;2
TJPB;6816;4
TJPB;6890;4
TJPB;7543;2
TJPE;13240;2
TJPE;13562;0
TJPE;16445;0
TJPE;17851;6
TJPE;17981;0
TJPE;17982;0
TJPE;18081;0
TJPE;6629;1
TJPE;6719;6
TJPE;6795;3
TJPE;6836;3
TJPE;6924;1
TJPE;6933;5
TJPE;6938;1
TJPE;6997;0
TJPE;7003;0
TJPE;7005;3
TJPE;7013;1
TJPE;7017;3
TJPE;7023;0
TJPE;7030;0
TJPE;7031;3
TJPE;7050;0
TJPE;7066;0
TJPE;7069;0
TJPE;7080;0
TJPE;7099;0
TJPE;7109;0
TJPE;7113;0
TJPE;7124;5
TJPE;7132;1
TJPE;7134;5
TJPE;7151;1
TJPE;7153;0
TJPE;7351;0
TJPE;7362;0
TJPE;7420;5
TJPE;7425;5
TJPE;7431;1
TJPE;7434;3
TJPE;7441;0
TJPE;7454;1
TJPE;7479;3
TJPE;7513;5
TJPE;7560;0
TJPE;7561;5
TJPE;7563;0
TJPE;7572;3
TJPE;7573;0
TJPE;7578;0
TJPE;7603;0
TJPE;7612;0
TJPE;7615;3
TJPE;7632;1
TJPE;7640;5
TJPE;7648;0
TJPE;7693;1
TJPE;7699;1
TJPE;7707;5
TJPE;7713;5
TJPE;7714;1
TJPE;7716;1
TJPE;7718;0
TJPE;7719;1
TJPE;7744;0
TJPE;77838;0
TJPE;78795;5
TJPE;78796;0
TJPE;8779;0
TJPE;74526;6
TJPE;78063;6
TJPE;79664;6
TJPI;11223;2
TJPI;11247;2
TJPI;11249;2
TJPI;11253;2
TJPI;11264;2
TJPI;11266;2
TJPI;11267;0
TJPI;11268;2
TJPI;11273;2
TJPI;11277;2
TJPI;11285;2
TJPI;11289;2
TJPI;11291;2
TJPI;11292;2
TJPI;11296;2
TJPI;11297;0
TJPI;11298;1
TJPI;11300;2
TJPI;11302;2
TJPI;11304;2
TJPI;11305;2
TJPI;11306;2
TJPI;11308;2
TJPI;11310;1
TJPI;11311;2
TJPI;11313;1
TJPI;11315;2
TJPI;11316;2
TJPI;11317;1
TJPI;11318;2
TJPI;11319;2
TJPI;11320;2
TJPI;11321;1
TJPI;11322;1
TJPI;11323;2
TJPI;11324;4
TJPI;11331;4
TJPI;11334;2
TJPI;11337;4
TJPI;11341;4
TJPI;11342;1
TJPI;11343;1
TJPI;11350;4
TJPI;11351;4
TJPI;11648;2
TJPI;11731;2
TJPI;17416;2
TJPI;17419;2
TJPI;17927;1
TJPI;6993;2
TJPI;6996;2
TJPI;7045;2
TJPI;7847;2
TJPR;14318;3
TJPR;16266;3
TJPR;74271;3
TJPR;78443;3
TJRJ;7267;0
TJRJ;7388;0
TJRJ;7712;3
TJRJ;7798;6
TJRJ;8092;2
TJRN;5830;2
TJRN;5831;2
TJRN;5834;2
TJRN;5841;4
TJRN;5844;2
TJRN;5847;2
TJRN;5848;2
TJRN;5850;2
TJRN;5853;2
TJRN;5855;2
TJRN;5873;2
TJRN;5875;2
TJRN;5894;2
TJRN;5966;2
TJRN;5970;4
TJRN;5971;2
TJRN;5972;2
TJRN;5973;2
TJRN;5975;2
TJRN;5976;2
TJRN;5977;2
TJRN;5978;2
TJRN;5979;2
TJRN;5980;2
TJRN;5981;2
TJRN;5983;2
TJRN;5985;2
TJRN;5986;2
TJRN;5987;2
TJRN;5988;2
TJRN;5990;2
TJRN;5991;2
TJRN;5993;2
TJRN;5994;2
TJRN;5995;2
TJRN;5996;2
TJRN;6001;4
TJRN;6002;2
TJRN;76591;4
TJRN;76593;4
TJRN;76594;4
TJRN;76595;4
TJRN;76607;4
TJRN;76610;4
TJRN;76611;4
TJRN;76613;4
TJRN;76614;4
TJRN;76667;4
TJRN;76669;4
TJRN;76675;4
TJRN;76681;4
TJRN;76684;4
TJRN;76685;4
TJRN;76686;4
TJRN;79114;2
TJRN;79116;2
TJRO;12999;4
TJRO;13327;2
TJRO;17876;4
TJRO;3454;2
TJRO;3460;2
TJRO;3461;2
TJRO;3462;2
TJRO;3463;3
TJRO;3464;2
TJRO;3466;2
TJRO;3467;3
TJRO;3468;2
TJRO;3470;4
TJRO;3472;4
TJRO;3474;2
TJRO;3476;4
TJRO;3478;2
TJRO;3479;3
TJRO;3480;2
TJRO;3481;3
TJRR;12910;2
TJRR;2763;3
TJRR;2769;2
TJRR;2780;2
TJRR;2781;2
TJRR;2782;2
TJRR;2783;2
TJRR;2784;2
TJRR;2785;2
TJRS;11736;0
TJRS;2853;0
TJRS;2863;3
TJRS;2864;0
TJRS;2910;3
TJRS;2959;0
TJRS;2967;3
TJRS;3001;0
TJRS;3108;3
TJRS;3112;0
TJRS;3137;3
TJRS;3185;3
TJRS;3187;0
TJRS;3188;6
TJRS;3301;6
TJRS;3338;0
TJRS;3687;1
TJRS;3740;3
TJRS;3752;1
TJRS;3973;3
TJRS;3983;1
TJRS;17269;0
TJRS;17473;0
TJRS;2924;3
TJRS;3058;0
TJRS;3064;0
TJRS;3072;3
TJRS;3101;2
TJRS;3163;0
TJRS;3179;0
TJRS;3241;6
TJRS;3284;6
TJRS;3340;3
TJRS;3362;0
TJRS;3375;6
TJRS;3654;6
TJRS;3677;2
TJRS;3759;6
TJRS;3882;0
TJRS;4053;0
TJRS;4200;6
TJSC;11865;1
TJSC;13811;0
TJSC;13892;6
TJSC;14113;0
TJSC;14165;3
TJSC;4536;6
TJSC;4547;6
TJSC;4566;3
TJSC;4582;6
TJSC;4630;6
TJSC;4690;3
TJSC;4730;3
TJSC;4734;3
TJSC;4739;0
TJSC;4751;3
TJSC;4775;1
TJSC;5594;3
TJSC;5616;3
TJSC;5618;2
TJSC;5707;6
TJSC;5709;1
TJSC;5732;6
TJSC;5765;2
TJSC;5781;6
TJSC;5785;3
TJSC;5868;3
TJSC;5879;1
TJSC;5883;6
TJSC;5886;6
TJSC;5891;6
TJSC;5947;0
TJSC;5952;2
TJSC;6228;3
TJSC;6232;6
TJSC;4673;3
TJSC;4704;3
TJSC;4745;1
TJSC;5581;1
TJSC;5628;6
TJSC;5653;3
TJSC;5728;6
TJSC;5738;3
TJSC;5863;6
TJSE;18003;2
TJSE;18130;2
TJSE;18132;2
TJSE;18143;2
TJSE;18144;2
TJSE;18145;2
TJSE;18146;2
TJSE;18149;2
TJSE;18152;2
TJSE;18154;2
TJSE;18157;2
TJSE;18158;2
TJSE;18159;2
TJSE;18160;2
TJSE;18161;2
TJSE;18163;2
TJSE;18164;0
TJSE;18166;0
TJSE;18171;2
TJSE;18173;2
TJSE;18177;2
TJSE;18179;2
TJSE;18370;2
TJSE;18412;2
TJSE;78561;2
TJSE;78789;2
TJSE;78793;2
TJSE;8375;2
TJSE;8384;4
TJSE;8388;2
TJSE;8391;2
TJSE;8398;4
TJSE;8457;4
TJSE;8466;2
TJSE;8523;2
TJSE;8528;2
TJSE;8552;2
TJSE;8565;2
TJSE;8573;2
TJSE;8579;2
TJSE;8595;2
TJSE;8602;2
TJSE;8609;2
TJSE;8618;2
TJSE;8629;2
TJSE;8638;2
TJSE;8653;2
TJSE;8659;2
TJSE;8673;4
TJSE;8678;4
TJTO;5432;2
TJTO;5436;2
TJTO;5444;2
TJTO;5455;2
TJTO;5465;2
TJTO;5481;2
TJTO;5487;2
TJTO;5491;2
TJTO;5496;2
TJTO;5499;2
TJTO;5509;2
TJTO;5512;2
TJTO;5518;2
TJTO;5521;2
TJTO;5529;2
TJTO;5533;2
TJTO;5543;2
TJTO;5548;2
TJTO;5555;2
TJTO;5582;2
TJTO;5588;2
TJTO;5596;2
TJTO;5600;2
TJTO;5607;2
TJTO;5619;2
TJTO;33640;2
TJTO;33644;2
TJTO;33647;2
TJTO;33649;2
TJTO;33650;2
TJTO;33651;2
TRF2;12241;1
TRF2;12242;1
TRF2;12245;1
TRF2;12246;1
TRF2;12251;1
TRF2;12252;1
TRF2;12255;1
TRF2;12258;1
TRF2;12265;1
TRF2;12870;0
TRF2;13877;1
TRF2;17767;1
TRF2;17021;1
TRF2;17023;1
TRF2;17024;0
TRF2;17027;0
TRF2;17031;0
TRF2;17034;0
TRF2;17035;0
TRF2;17036;0
TRF2;17038;0
TRF2;17040;0
TRF2;17042;1
TRF2;17043;0
TRF2;17044;0
TRF2;17045;1
TRF2;63797;1
TRF2;63798;1
TRF2;63800;1
TRF2;63802;1
TRF2;63804;1
TRF2;63844;0
TRF2;63845;1
TRF3;12927;1
TRF3;12928;0
TRF3;12930;1
TRF3;12932;1
TRF3;12933;1
TRF3;12934;1
TRF3;12935;1
TRF3;12936;1
TRF3;12937;1
TRF3;12938;1
TRF3;12939;1
TRF3;12940;0
TRF3;12943;1
TRF3;12944;1
TRF3;12946;0
TRF3;12947;0
TRF3;12949;0
TRF3;12950;1
TRF3;12951;1
TRF3;12952;0
TRF3;12954;0
TRF3;12955;0
TRF3;12957;0
TRF3;12958;1
TRF3;12960;1
TRF3;12961;0
TRF3;12962;0
TRF3;12963;1
TRF3;14003;0
TRF3;14004;0
TRF3;16495;0
TRF3;16496;0
TRF3;18202;0
TRF3;18205;0
TRF3;21670;0
TRF3;21673;0
TRF3;21674;0
TRF3;21676;0
TRF3;21677;0
TRF3;21678;0
TRF3;21679;0
TRF3;21680;0
TRF3;21681;0
TRF3;21682;0
TRF3;21683;0
TRF3;21687;0
TRF3;21688;0
TRF3;21689;0
TRF3;21690;0
TRF3;21691;0
TRF3;21692;0
TRF3;21693;0
TRF3;21694;0
TRF3;21695;0
TRF3;21696;0
TRF3;21697;0
TRF3;21698;0
TRF3;21699;0
TRF3;21700;0
TRF3;21701;0
TRF3;21702;0
TRF3;21703;0
TRF3;21704;0
TRF3;21705;0
TRF3;21706;0
TRF3;21711;0
TRF3;21715;1
TRF3;21636;1
TRF3;21637;1
TRF4;11926;1
TRF4;12632;1
TRF4;12634;0
TRF4;12635;0
TRF4;12642;0
TRF4;17822;1
TRF4;44527;1
TRF4;44529;1
TRF4;44536;1
TRF4;44539;0
TRF4;44540;1
TRF4;44543;1
TRF4;44550;1
TRF4;17784;0
TRF4;17819;0
TRF4;18360;0
TRF5;12222;2
TRF5;12225;2
TRF5;12226;2
TRF2;11879;1
TRF2;12151;1
TRF2;12239;1
TRF2;12249;1
TRF2;12253;1
TRF2;12257;1
TRF2;12259;1
TRF2;12260;1
TRF2;12261;1
TRF2;12297;1
TRF2;12307;2
TRF2;12316;1
TRF2;12317;1
TRF2;14167;1
TRF2;16184;2
TRF3;12442;1
TRF3;12443;1
TRF3;12444;1
TRF3;12445;1
TRF3;12446;1
TRF3;12447;1
TRF3;12448;1
TRF3;12449;1
TRF3;12450;1
TRF3;12465;1
TRF3;12466;1
TRF3;12468;1
TRF3;12541;1
TRF3;12542;1
TRF3;12551;0
TRF3;12553;3
TRF3;13867;1
TRF3;13978;0
TRF3;21707;1
TRF3;21708;1
TRF3;21709;1
TRF4;11890;1
TRF4;11891;1
TRF4;11892;1
TRF4;11915;1
TRF4;11916;1
TRF4;11920;1
TRF4;11925;1
TRF4;11928;2
TRF4;11970;2
TRF4;11975;1
TRF4;11978;1
TRF4;11979;1
TRF4;12003;1
TRF4;12004;1
TRF4;12005;1
TRF4;12007;1
TRF4;12147;1
TRF4;12576;1
TRF4;12625;1
TRF4;12659;1
TRF4;12682;1
TRF4;13380;1
TRF4;13701;0
TRF4;13866;1
TRF4;13869;1
TRF4;18362;1
TRF4;72823;1
TRF4;72909;1
TRF4;44528;1
TRF4;44531;1
TRF4;44534;1
TRF4;44538;1
TRF4;44546;1
TRF4;44549;1
TRF5;12177;2
TRF5;12178;2
TRF5;12223;2
TRF5;17907;2
TRF5;18090;2
TRF2;12273;1
TRF2;12276;0
TRF2;12278;5
TRF2;12280;1
TRF2;12282;0
TRF2;12286;1
TRF2;12288;5
TRF2;12289;1
TRF2;12291;2
TRF2;12293;1
TRF2;12294;1
TRF2;12298;4
TRF2;12299;4
TRF2;12301;1
TRF2;12302;1
TRF2;12311;1
TRF2;12312;1
TRF2;12313;1
TRF2;12320;0
TRF2;12322;1
TRF2;12324;0
TRF2;12438;5
TRF2;12658;1
TRF2;13794;1
TRF2;13930;0
TRF2;14335;5
TRF2;17022;1
TRF2;17025;1
TRF2;17026;1
TRF2;17028;1
TRF2;17030;1
TRF2;18255;1
TRF2;63777;1
TRF2;63780;1
TRF3;12454;4
TRF3;12455;1
TRF3;12456;4
TRF3;12457;1
TRF3;12458;4
TRF3;12460;1
TRF3;12461;4
TRF3;12462;1
TRF3;12464;4
TRF3;12470;1
TRF3;12471;1
TRF3;12473;1
TRF3;12475;1
TRF3;12476;1
TRF3;12478;1
TRF3;12479;1
TRF3;12480;1
TRF3;12482;1
TRF3;12483;1
TRF3;12484;1
TRF3;12486;1
TRF3;12487;1
TRF3;12488;1
TRF3;12490;4
TRF3;12491;1
TRF3;12492;4
TRF3;12494;1
TRF3;12495;1
TRF3;12496;4
TRF3;12498;0
TRF3;12499;0
TRF3;12500;0
TRF3;12502;1
TRF3;12504;1
TRF3;12506;1
TRF3;12507;1
TRF3;12511;5
TRF3;12512;0
TRF3;12513;1
TRF3;12515;1
TRF3;12516;1
TRF3;12517;1
TRF3;12518;1
TRF3;12519;1
TRF3;12521;1
TRF3;12522;1
TRF3;12524;1
TRF3;12528;1
TRF3;12530;3
TRF3;12532;1
TRF3;12534;1
TRF3;12535;1
TRF3;12536;1
TRF3;12538;3
TRF3;12544;1
TRF3;12545;1
TRF3;12547;1
TRF3;12549;1
TRF3;12555;7
TRF3;12959;4
TRF3;13743;1
TRF3;13754;1
TRF3;13843;1
TRF3;13844;1
TRF3;13845;1
TRF3;13848;1
TRF3;13983;1
TRF3;14002;1
TRF3;14005;1
TRF3;14006;4
TRF3;14117;1
TRF3;16315;0
TRF3;16419;1
TRF3;16494;1
TRF3;16497;1
TRF3;16586;7
TRF3;16884;5
TRF3;18224;1
TRF3;52435;1
TRF3;21671;1
TRF3;21672;1
TRF3;21675;1
TRF3;21684;1
TRF3;21685;1
TRF3;21686;1
TRF3;18216;4
TRF4;11911;0
TRF4;11914;4
TRF4;11917;3
TRF4;11919;5
TRF4;11922;1
TRF4;11923;7
TRF4;11927;1
TRF4;11931;7
TRF4;11950;0
TRF4;11951;1
TRF4;11952;2
TRF4;11954;2
TRF4;11957;2
TRF4;11961;0
TRF4;11964;3
TRF4;11969;0
TRF4;11971;4
TRF4;11972;1
TRF4;11973;4
TRF4;12001;4
TRF4;12011;2
TRF4;12012;2
TRF4;12013;3
TRF4;12149;4
TRF4;12150;4
TRF4;12581;4
TRF4;12582;4
TRF4;12585;4
TRF4;12586;1
TRF4;12587;4
TRF4;12591;1
TRF4;12593;1
TRF4;12594;4
TRF4;12600;4
TRF4;12603;1
TRF4;12604;1
TRF4;12605;1
TRF4;12610;4
TRF4;12611;4
TRF4;12615;1
TRF4;12618;4
TRF4;12620;1
TRF4;12621;1
TRF4;12626;1
TRF4;12627;4
TRF4;12633;4
TRF4;12637;4
TRF4;12638;1
TRF4;12641;4
TRF4;12655;1
TRF4;12656;3
TRF4;12660;2
TRF4;12664;1
TRF4;12665;1
TRF4;12667;3
TRF4;12668;3
TRF4;12673;1
TRF4;12674;1
TRF4;12676;1
TRF4;12677;1
TRF4;12686;3
TRF4;12687;3
TRF4;12692;4
TRF4;12697;2
TRF4;13881;7
TRF4;16180;4
TRF4;16263;4
TRF4;17786;1
TRF4;17788;4
TRF4;17793;4
TRF4;17794;4
TRF4;17795;1
TRF4;17796;4
TRF4;17804;1
TRF4;17806;0
TRF4;17812;1
TRF4;17818;1
TRF4;17984;1
TRF4;44494;1
TRF4;44518;1
TRF4;11913;1
TRF4;11958;3
TRF4;12578;1
TRF4;12583;1
TRF4;12589;4
TRF4;12590;4
TRF4;12592;4
TRF4;12602;1
TRF4;12612;2
TRF4;12619;1
TRF4;12639;1
TRF4;12653;1
TRF4;12663;1
TRF4;12685;0
TRF4;12694;2
TRF4;16592;2
TRF4;17791;1
TRF4;17797;4
TRF4;17798;4
TRF4;17800;2
TRF4;18085;2
TRF4;72824;4
TRF4;72825;4
TRF5;12158;0
TRF5;12159;0
TRF5;12160;0
TRF5;12161;0
TRF5;12182;0
TRF5;12184;0
TRF5;12188;0
TRF5;12190;0
TRF5;12195;5
TRF5;12213;0
TRF5;12214;0
TRF5;12221;0
TRF5;12230;5
TRF5;12231;0
TRF5;12232;0
TRF5;12233;0
TRF5;12237;5
TRF5;13694;0
TRF5;13859;5
TRF5;13860;5
TRF5;13884;5
TRF5;13889;5
TRF5;13899;0
TRF5;13900;0
TRF5;14136;0
TRF5;15298;6
TRF5;16023;0
TRF5;16487;5
TRF5;16529;0
TRF5;16530;0
TRF5;17910;0
TRF5;18211;4
TRF5;18213;5
TRF5;18227;5
TJAC;3632;3
TJAC;3633;3
TJAC;3616;2
TJAM;75553;1
TJAP;6162;3
TJAP;6164;3
TJAP;6166;3
TJAP;6167;3
TJAP;11714;2
TJAP;16275;3
TJBA;4145;4
TJBA;4166;4
TJBA;49935;5
TJBA;5237;5
TJDFT;81638;6
TJGO;52654;6
TJGO;81463;5
TJGO;81465;4
TJMG;15644;0
TJMG;78364;0
TJMT;6611;4
TJMT;6616;4
TJPA;78322;6
TJPA;18275;4
TJPB;5648;3
TJPB;5651;3
TJPB;5656;3
TJPB;5659;3
TJPB;7448;3
TJPB;7453;3
TJPB;7456;3
TJPE;17848;4
TJPE;7336;4
TJPE;7412;4
TJPE;7428;5
TJPE;17995;6
TJPE;70546;6
TJPR;11075;0
TJPR;11017;0
TJPR;11018;0
TJPR;11019;1
TJPR;11020;7
TJPR;11025;0
TJPR;11027;1
TJPR;11028;1
TJPR;11029;1
TJPR;11030;0
TJPR;11031;0
TJPR;11032;0
TJPR;11033;0
TJPR;11034;0
TJPR;11035;1
TJPR;11042;0
TJPR;11043;0
TJPR;11044;0
TJPR;11045;0
TJPR;11050;1
TJPR;11051;0
TJPR;11052;0
TJPR;11054;1
TJPR;11055;1
TJPR;11056;1
TJPR;11057;7
TJPR;11068;1
TJPR;11069;1
TJPR;11071;7
TJPR;11072;1
TJPR;11074;1
TJPR;13592;7
TJPR;13685;0
TJPR;16423;7
TJPR;18121;7
TJPR;27092;7
TJPR;27115;7
TJPR;27118;0
TJPR;74442;0
TJPR;8913;0
TJPR;9115;7
TJRN;18408;3
TJRN;4768;3
TJRN;5713;3
TJRN;77269;3
TJRN;11082;2
TJRN;11084;2
TJRN;11085;2
TJRN;11086;2
TJRN;11087;2
TJRN;11089;2
TJRN;11094;7
TJRN;11102;2
TJRN;11109;2
TJRN;13277;3
TJRN;13296;3
TJRN;13297;3
TJRN;13298;3
TJRN;5892;3
TJRN;76745;3
TJRN;76972;3
TJRR;2764;1
TJRR;2770;1
TJSC;5867;6
TJSC;6255;6
TJSC;8281;6
TJSC;16947;6
TJTO;4277;3
TJTO;4280;3
TJTO;5171;2
TJTO;78544;1
TJTO;78545;1
TJAC;17052;7
TJBA;17201;4
TJBA;4087;0
TJBA;4108;0
TJBA;4436;0
TJBA;49737;0
TJBA;5248;2
TJBA;5257;2
TJBA;6018;0
TJCE;8648;0
TJCE;8657;0
TJDFT;13597;4
TJES;1242;4
TJGO;12571;0
TJGO;13373;0
TJMT;11740;2
TJMT;18392;4
TJMT;6536;4
TJMT;6540;4
TJMT;7303;2
TJMT;7334;4
TJMT;8036;2
TJMT;8124;0
TJPA;2892;0
TJPA;3171;0
TJPA;6215;0
TJPA;6851;2
TJPA;7015;0
TJPB;5660;7
TJPB;5664;7
TJPB;6054;5
TJPB;6055;5
TJPE;18554;2
TJPE;6668;4
TJPE;6958;4
TJPE;6964;0
TJPE;6973;0
TJPE;70554;4
TJPE;72672;0
TJPE;7451;0
TJPI;11347;7
TJPI;5344;7
TJPI;5348;7
TJRJ;63374;3
TJRJ;7802;3
TJRN;5889;7
TJRN;77270;7
TJRN;77271;7
TJRN;77273;7
TJRN;77274;7
TJRN;77275;7
TJRO;3441;5
TJRO;4464;6
TJRO;4465;6
TJRS;13391;1
TJRS;2887;1
TJRS;3149;3
TJRS;3298;3
TJRS;3348;3
TJRS;3774;3
TJRS;3884;1
TJSC;14123;4
TJSC;17510;4
TJSC;6251;4
TJSC;81425;4
TJSC;8270;4
TJSC;13381;4
TJSE;16868;7
TJSE;8345;7
TJTO;5278;2
TJTO;5287;2
TJTO;78546;6
TJAP;43931;0
TJMA;3218;4
TJMT;18344;3
TJMT;18345;3
TJMT;6298;0
TJMT;6557;1
TJMT;6799;1
TJMT;7298;1
TJMT;7565;1
TJMT;7753;1
TJMT;7775;1
TJMT;8059;1
TJMT;8065;3
TJMT;8070;3
TJMT;8082;3
TJMT;8106;3
TJMT;8145;1
TJMT;8147;3
TJPA;6917;1
TJPA;6931;1
TJPB;6048;4
TJPI;11286;4
TJPI;11288;4
TJPI;11293;0
TJPI;11294;4
TJPI;11295;4
TJPI;11299;2
TJPI;11307;4
TJPI;11332;4
TJPI;11333;2
TJPI;11338;2
TJPI;17933;2
TJPI;5327;0
TJPI;6091;0
TJPI;6099;0
TJPI;6827;2
TJAC;17053;1
TJAM;4903;0
TJAM;4905;0
TJAM;4910;0
TJAM;4913;0
TJAP;78853;1
TJBA;17100;4
TJBA;17122;3
TJBA;17125;4
TJBA;17867;3
TJBA;17872;3
TJBA;18553;4
TJBA;49960;4
TJBA;5200;4
TJBA;6123;4
TJBA;6522;3
TJBA;72842;4
TJBA;72843;4
TJBA;72844;4
TJBA;72845;4
TJBA;72847;4
TJBA;72849;4
TJBA;78094;4
TJBA;7839;4
TJBA;7841;4
TJBA;7858;4
TJBA;7862;4
TJBA;80387;3
TJBA;8227;4
TJBA;8228;4
TJCE;8416;3
TJCE;8491;3
TJCE;8596;3
TJDFT;56;3
TJES;1206;2
TJES;1609;2
TJES;1721;2
TJES;1978;3
TJES;2334;4
TJES;2537;3
TJMG;17283;0
TJMG;17289;0
TJMG;40132;2
TJPA;81606;4
TJPA;8323;4
TJPE;17392;0
TJPE;80832;3
TJPI;6896;1
TJPI;6905;0
TJPI;6864;3
TJPI;7020;1
TJRN;11083;1
TJRN;11093;1
TJRN;17460;1
TJRN;17461;1
TJRN;18352;1
TJRN;75496;1
TJRN;75497;1
TJRN;76687;1
TJRO;13931;0
TJRO;4456;0
TJRO;4457;0
TJRO;4460;0
TJRR;16548;0
TJRS;13181;0
TJRS;17476;0
TJSE;8344;1
TJTO;4284;1
TJPB;7439;1
TJPI;11358;0
TJPI;11359;1
TJPI;14061;0
TJPI;14062;1
TJPI;5427;0
TJPI;5445;0
TRE-AC;16026;3
TRE-AC;16027;3
TRE-AC;16028;5
TRE-AC;16029;5
TRE-AC;16030;5
TRE-AC;16031;3
TRE-AC;16032;5
TRE-AC;16033;3
TRE-AC;16034;3
TRE-AC;78481;3
TRE-AC;78482;3
TRE-AC;78483;3
TRE-AC;78484;3
TRE-AC;78485;3
TRE-AC;78487;3
TRE-AL;16191;6
TRE-AL;16193;4
TRE-AL;16197;0
TRE-AL;16200;4
TRE-AL;16201;0
TRE-AL;16202;0
TRE-AL;16204;0
TRE-AL;16205;5
TRE-AL;16206;0
TRE-AL;16210;6
TRE-AL;16211;4
TRE-AL;16214;0
TRE-AL;16223;4
TRE-AL;16225;4
TRE-AL;16227;4
TRE-AL;16230;4
TRE-AL;16231;4
TRE-AL;16232;4
TRE-AL;16234;4
TRE-AL;16236;5
TRE-AL;16239;4
TRE-AL;16243;6
TRE-AL;80138;6
TRE-AP;51250;3
TRE-AP;51251;3
TRE-AP;51253;3
TRE-AP;51254;3
TRE-AP;51255;3
TRE-AP;51256;5
TRE-AP;51259;3
TRE-AP;51260;2
TRE-AP;51261;3
TRE-AP;44003;3
TRE-AP;44004;3
TRE-AP;44005;3
TRE-AP;44006;6
TRE-AP;44007;3
TRE-AP;44008;3
TRE-BA;30632;0
TRE-BA;30559;3
TRE-BA;30560;3
TRE-BA;30561;3
TRE-BA;30562;3
TRE-BA;30564;3
TRE-CE;33385;6
TRE-CE;33389;5
TRE-CE;33414;4
TRE-CE;33422;5
TRE-CE;33430;5
TRE-CE;33438;0
TRE-CE;33459;4
TRE-CE;33485;4
TRE-CE;77149;6
TRE-CE;33514;6
TRE-CE;33516;6
TRE-CE;33519;6
TRE-ES;63884;1
TRE-ES;63887;1
TRE-ES;63907;0
TRE-ES;63913;0
TRE-ES;63914;3
TRE-GO;16041;2
TRE-GO;16042;1
TRE-GO;16051;3
TRE-GO;16057;5
TRE-GO;16059;6
TRE-GO;16068;2
TRE-GO;16073;3
TRE-GO;16074;1
TRE-GO;16080;2
TRE-GO;16084;0
TRE-GO;16089;6
TRE-GO;16090;0
TRE-GO;16106;2
TRE-GO;16117;5
TRE-GO;16145;0
TRE-GO;16146;2
TRE-GO;16155;0
TRE-GO;16164;2
TRE-GO;16166;1
TRE-GO;16167;2
TRE-GO;16170;3
TRE-GO;16172;2
TRE-GO;16173;1
TRE-GO;16177;1
TRE-GO;16178;2
TRE-GO;67842;2
TRE-MA;51375;0
TRE-MA;51376;6
TRE-MA;51377;1
TRE-MA;51389;4
TRE-MA;51391;4
TRE-MA;51399;6
TRE-MA;51407;2
TRE-MA;51458;1
TRE-MG;15695;2
TRE-MG;15705;2
TRE-MG;15771;6
TRE-MG;15835;2
TRE-MG;15878;3
TRE-MG;67964;1
TRE-MS;14513;0
TRE-MS;14517;1
TRE-MS;14518;1
TRE-MS;14520;2
TRE-MS;14528;0
TRE-MS;14529;1
TRE-MS;14530;5
TRE-MS;14533;0
TRE-MS;14536;0
TRE-MS;14537;2
TRE-MS;14539;0
TRE-MS;14544;3
TRE-MS;14551;2
TRE-MS;14552;1
TRE-MS;14561;2
TRE-MS;14563;0
TRE-MS;14565;1
TRE-MS;63989;1
TRE-MS;63990;1
TRE-MT;16343;0
TRE-MT;16360;0
TRE-MT;16379;1
TRE-PB;14263;4
TRE-PB;14267;0
TRE-PB;14273;0
TRE-PB;14285;4
TRE-PB;14287;4
TRE-PB;14293;0
TRE-PB;44868;6
TRE-PE;28774;6
TRE-PE;28805;0
TRE-PE;28850;0
TRE-PE;28864;4
TRE-PE;28881;0
TRE-PE;28923;1
TRE-PR;52414;1
TRE-RN;43736;0
TRE-RN;43745;3
TRE-RN;43752;5
TRE-RN;43757;6
TRE-RN;43758;0
TRE-RN;43764;4
TRE-RN;43768;5
TRE-RN;43791;5
TRE-RO;15601;5
TRE-RO;15602;2
TRE-RO;15605;3
TRE-RO;15606;2
TRE-RO;15609;2
TRE-RO;15611;0
TRE-RO;15613;0
TRE-RO;15619;0
TRE-RO;15620;1
TRE-RO;15621;1
TRE-RO;15625;0
TRE-RO;15626;0
TRE-RO;15627;0
TRE-RO;15628;0
TRE-RO;15632;0
TRE-RO;15635;3
TRE-RO;28237;2
TRE-RO;28238;2
TRE-RO;28239;2
TRE-RO;28240;2
TRE-RO;28241;2
TRE-RO;28242;2
TRE-RR;67980;2
TRE-RR;67983;3
TRE-RR;67984;2
TRE-RS;27134;1
TRE-RS;27143;2
TRE-RS;27176;0
TRE-RS;27189;1
TRE-RS;27228;0
TRE-RS;27302;1
TRE-SC;14618;1
TRE-SC;14703;2
TRE-SE;14196;6
TRE-SE;72014;6
TRE-SE;72017;6
TRE-SP;14716;0
TRE-TO;16113;0
TRE-TO;16126;0
TRE-TO;16502;0
TRE-TO;16924;5
TRE-TO;16926;5
TRE-TO;16931;0
TRE-TO;16935;1
TRE-TO;16937;2
TRE-TO;16939;0
TREPA;30447;6
TREPA;30448;0
TREPA;30451;0
TREPA;30458;0
TREPA;30461;0
TREPA;30463;6
TREPA;30477;0
TREPA;30483;0
TREPA;30492;0
TREPA;30500;4
TREPA;30502;0
TREPA;30504;0
TREPA;30507;0
TREPA;30517;0
TREPA;30518;1
TREPA;30521;6
TREPA;30526;6
TREPA;30527;0
TREPA;72233;6
TRERJ;14927;2
TRERJ;15175;5
TRERJ;15214;0
TJMSP;29007;0
TJMSP;29008;0
TJMSP;29009;0
TJMSP;29011;1
TJMSP;29012;1
TRT1;33688;2
TRT1;33689;3
TRT1;33690;0
TRT1;33691;2
TRT1;33693;6
TRT1;33694;2
TRT1;33695;2
TRT1;33696;2
TRT1;33697;2
TRT1;33713;6
TRT1;33714;2
TRT1;33715;2
TRT1;33716;2
TRT1;33717;2
TRT1;33718;2
TRT1;33719;2
TRT1;33720;3
TRT1;33721;6
TRT1;33722;6
TRT1;33723;0
TRT1;33724;2
TRT1;33725;2
TRT1;33726;2
TRT1;33728;3
TRT1;33729;3
TRT1;33730;6
TRT1;33731;6
TRT1;33732;6
TRT1;33733;6
TRT1;33734;6
TRT1;33735;6
TRT1;33736;6
TRT1;33737;6
TRT1;33738;6
TRT1;33739;6
TRT1;33740;3
TRT1;33741;3
TRT1;33742;3
TRT1;33743;3
TRT1;33744;3
TRT1;33745;3
TRT1;33746;3
TRT1;33747;2
TRT1;33748;6
TRT1;33749;3
TRT1;33750;2
TRT1;33751;6
TRT1;33753;2
TRT1;33754;2
TRT1;33755;6
TRT1;33756;2
TRT1;33757;2
TRT1;33758;2
TRT1;33759;2
TRT1;33760;2
TRT1;33761;2
TRT1;33762;2
TRT1;33763;2
TRT1;33764;2
TRT1;33765;2
TRT1;33766;2
TRT1;33767;2
TRT1;33768;2
TRT1;33769;2
TRT1;33770;2
TRT1;33771;2
TRT1;33772;2
TRT1;33773;2
TRT1;33774;2
TRT1;33775;2
TRT1;33776;2
TRT1;33777;2
TRT1;33778;2
TRT1;33779;2
TRT1;33780;2
TRT1;33781;2
TRT1;33782;2
TRT1;33783;2
TRT1;33784;2
TRT1;33785;2
TRT1;33786;2
TRT1;33787;2
TRT1;33788;2
TRT1;33789;2
TRT1;33790;2
TRT1;33791;2
TRT1;33792;2
TRT1;33793;2
TRT1;33794;2
TRT1;33795;2
TRT1;33796;2
TRT1;33797;2
TRT1;33798;2
TRT1;33799;2
TRT1;33800;2
TRT1;33801;2
TRT1;33802;2
TRT1;33803;2
TRT1;33804;2
TRT1;33805;2
TRT1;33806;2
TRT1;33807;2
TRT1;33808;2
TRT1;33809;2
TRT1;33810;2
TRT1;33811;2
TRT1;33812;2
TRT1;33813;2
TRT1;33814;2
TRT1;33815;2
TRT1;33816;2
TRT1;33817;2
TRT1;33818;2
TRT1;33819;2
TRT1;33820;6
TRT1;33821;2
TRT1;33822;2
TRT1;33823;2
TRT1;33824;2
TRT1;33825;2
TRT1;33826;2
TRT1;33827;2
TRT1;33828;2
TRT1;33829;2
TRT1;33830;2
TRT1;33831;2
TRT1;33832;2
TRT1;33833;2
TRT1;33834;2
TRT1;33835;3
TRT1;33836;3
TRT1;33837;3
TRT1;33838;3
TRT1;33839;3
TRT1;33840;3
TRT1;33841;3
TRT1;33842;3
TRT1;33843;3
TRT1;33845;2
TRT1;33846;5
TRT1;33847;2
TRT1;33848;2
TRT1;33849;2
TRT1;526;6
TRT1;528;3
TRT1;79444;2
TRT1;33850;2
TRT1;33851;2
TRT1;33852;2
TRT1;33853;2
TRT1;33854;2
TRT1;33855;2
TRT1;33856;2
TRT1;33857;2
TRT1;33858;2
TRT1;33859;2
TRT1;33864;6
TRT1;33865;2
TRT1;33866;2
TRT1;33869;2
TRT1;33877;2
TRT1;33878;6
TRT1;33880;6
TRT1;33882;2
TRT1;33883;2
TRT1;33884;2
TRT1;33885;2
TRT1;33890;6
TRT1;33891;6
TRT1;33894;2
TRT1;33898;2
TRT1;33899;2
TRT1;33900;2
TRT1;33904;2
TRT1;33907;2
TRT1;33908;6
TRT1;33909;2
TRT1;33910;2
TRT1;33911;6
TRT1;33928;6
TRT1;33933;6
TRT1;70803;2
TRT1;72980;2
TRT1;74453;2
TRT1;75580;2
TRT1;76596;6
TRT1;78552;2
TRT1;78895;6
TRT1;79482;2
TRT1;81330;2
TRT1;81493;2
TRT1;81494;2
TRT10;27628;2
TRT10;27629;2
TRT10;27630;2
TRT10;27631;2
TRT10;27632;2
TRT10;27633;2
TRT10;27634;2
TRT10;27635;2
TRT10;27636;2
TRT10;27637;2
TRT10;27638;2
TRT10;27639;2
TRT10;27640;2
TRT10;27641;2
TRT10;27642;2
TRT10;27643;2
TRT10;27644;2
TRT10;27645;2
TRT10;27646;2
TRT10;27647;2
TRT10;27648;2
TRT10;27649;2
TRT10;27656;3
TRT10;27657;3
TRT10;27658;0
TRT10;27659;0
TRT10;27660;0
TRT10;27661;2
TRT10;27662;2
TRT10;43675;6
TRT10;79109;2
TRT10;79526;2
TRT10;81707;3
TRT10;27663;2
TRT10;27672;2
TRT10;27673;2
TRT10;27674;2
TRT10;27675;2
TRT10;27676;2
TRT10;27677;2
TRT10;27678;2
TRT10;27679;2
TRT10;27683;2
TRT10;27684;2
TRT10;27685;2
TRT10;27686;2
TRT10;27687;2
TRT10;27688;2
TRT11;27762;2
TRT11;27763;2
TRT11;27764;2
TRT11;27765;2
TRT11;27766;2
TRT11;27767;2
TRT11;27768;2
TRT11;27769;2
TRT11;27770;2
TRT11;27771;2
TRT11;27772;2
TRT11;27773;2
TRT11;27774;2
TRT11;27775;2
TRT11;27776;2
TRT11;27777;2
TRT11;27778;2
TRT11;27779;2
TRT11;27780;2
TRT11;27781;2
TRT11;27782;2
TRT11;27801;2
TRT11;27805;2
TRT11;27821;5
TRT11;27825;0
TRT11;27826;0
TRT11;27830;0
TRT11;27785;2
TRT11;27796;2
TRT12;19385;2
TRT12;19393;2
TRT12;19409;5
TRT12;19412;2
TRT12;19434;5
TRT12;19457;5
TRT12;19473;5
TRT12;19489;5
TRT12;19432;6
TRT12;19438;2
TRT12;19439;6
TRT12;19440;6
TRT12;19441;2
TRT12;19442;6
TRT12;19444;2
TRT12;19445;6
TRT12;19446;2
TRT12;19448;2
TRT12;19449;6
TRT12;19450;6
TRT12;19452;2
TRT12;47341;2
TRT12;74578;2
TRT12;76688;6
TRT12;80145;2
TRT13;19492;3
TRT13;19518;3
TRT13;19519;3
TRT13;19520;3
TRT13;19521;3
TRT13;19522;3
TRT13;19523;0
TRT13;19524;0
TRT13;19526;0
TRT13;19527;3
TRT13;19528;3
TRT13;19529;3
TRT13;19530;3
TRT13;19531;3
TRT13;19532;3
TRT13;19533;3
TRT13;19534;3
TRT13;19536;0
TRT13;19537;3
TRT13;19539;3
TRT13;19541;0
TRT13;74451;3
TRT13;77181;3
TRT13;80255;3
TRT13;80256;3
TRT13;80257;3
TRT13;80258;3
TRT13;70697;3
TRT13;70698;3
TRT13;70699;3
TRT13;70700;3
TRT13;70701;3
TRT13;70702;3
TRT13;70703;3
TRT13;70704;3
TRT13;70705;3
TRT13;71253;3
TRT13;77698;3
TRT14;30373;0
TRT14;30374;0
TRT14;30376;0
TRT14;30379;0
TRT14;30380;3
TRT14;30381;3
TRT14;30384;5
TRT14;30385;2
TRT14;30386;2
TRT14;30387;2
TRT14;30388;2
TRT14;30389;2
TRT14;30390;2
TRT14;30391;2
TRT14;30392;2
TRT14;30393;0
TRT14;30394;5
TRT14;30395;0
TRT14;30397;0
TRT14;30398;0
TRT14;30399;0
TRT14;30400;3
TRT14;30401;3
TRT14;30402;3
TRT14;30403;3
TRT14;30404;0
TRT14;30407;2
TRT14;30408;2
TRT15;18780;5
TRT15;18781;5
TRT15;18782;5
TRT15;18783;0
TRT15;18784;2
TRT15;18785;2
TRT15;18786;0
TRT15;18787;2
TRT15;18788;5
TRT15;18789;5
TRT15;18790;3
TRT15;18791;2
TRT15;18792;2
TRT15;18793;5
TRT15;18795;0
TRT15;18796;0
TRT15;18797;5
TRT15;18798;3
TRT15;18799;5
TRT15;18800;0
TRT15;18801;0
TRT15;18802;5
TRT15;18803;5
TRT15;18804;2
TRT15;18805;2
TRT15;18806;2
TRT15;18807;0
TRT15;18808;2
TRT15;18809;0
TRT15;18810;5
TRT15;18811;5
TRT15;18812;0
TRT15;18813;2
TRT15;18814;2
TRT15;18815;0
TRT15;18816;5
TRT15;18817;5
TRT15;18818;1
TRT15;18819;5
TRT15;18820;5
TRT15;18821;5
TRT15;18822;1
TRT15;18823;2
TRT15;18824;5
TRT15;18825;5
TRT15;18826;5
TRT15;18827;2
TRT15;18828;1
TRT15;18829;5
TRT15;18830;0
TRT15;18831;2
TRT15;18832;5
TRT15;18833;5
TRT15;18834;0
TRT15;18835;5
TRT15;18836;0
TRT15;18837;2
TRT15;18838;2
TRT15;18839;2
TRT15;18840;5
TRT15;18841;5
TRT15;18842;1
TRT15;18843;1
TRT15;18844;5
TRT15;18845;5
TRT15;18846;2
TRT15;18847;0
TRT15;18848;0
TRT15;18849;2
TRT15;18850;0
TRT15;18851;5
TRT15;18852;5
TRT15;18853;0
TRT15;18854;5
TRT15;18857;2
TRT15;18858;2
TRT15;18859;2
TRT15;18860;0
TRT15;18861;2
TRT15;18862;2
TRT15;18863;2
TRT15;18864;3
TRT15;18865;5
TRT15;18866;2
TRT15;18867;3
TRT15;18868;2
TRT15;18869;1
TRT15;18870;2
TRT15;18871;2
TRT15;18872;5
TRT15;18873;2
TRT15;18874;2
TRT15;18875;2
TRT15;18876;2
TRT15;18877;2
TRT15;18878;2
TRT15;18879;2
TRT15;18880;2
TRT15;18881;2
TRT15;18883;2
TRT15;18885;2
TRT15;18886;2
TRT15;18889;2
TRT15;18890;2
TRT15;18891;2
TRT15;18892;0
TRT15;18893;2
TRT15;18894;2
TRT15;18895;2
TRT15;18896;3
TRT15;18897;5
TRT15;18898;2
TRT15;18899;3
TRT15;18900;2
TRT15;18901;1
TRT15;18902;2
TRT15;18903;2
TRT15;18904;5
TRT15;18905;2
TRT15;18906;2
TRT15;18907;2
TRT15;18908;2
TRT15;18909;2
TRT15;18910;2
TRT15;18911;2
TRT15;18912;2
TRT15;18913;2
TRT15;18916;2
TRT15;18917;2
TRT15;18918;2
TRT15;18919;2
TRT15;18920;2
TRT15;18921;2
TRT15;18922;2
TRT15;18923;2
TRT15;18924;2
TRT15;18925;2
TRT15;18927;2
TRT15;18928;2
TRT15;18929;2
TRT15;18930;2
TRT15;18931;2
TRT15;18932;2
TRT15;18933;2
TRT15;18935;2
TRT15;18936;2
TRT15;18937;2
TRT15;18939;2
TRT15;18940;2
TRT15;18942;2
TRT15;18944;2
TRT15;18946;2
TRT15;18687;6
TRT15;18690;6
TRT15;18691;6
TRT15;18692;6
TRT15;18693;6
TRT15;18694;2
TRT15;18695;2
TRT15;18698;2
TRT15;18701;2
TRT15;18702;2
TRT15;18703;6
TRT15;18707;6
TRT15;18708;6
TRT15;18711;2
TRT15;18712;6
TRT15;18714;6
TRT15;18715;2
TRT15;18717;6
TRT15;18719;2
TRT15;18721;2
TRT15;18723;6
TRT15;18725;2
TRT15;18726;2
TRT15;18727;6
TRT15;18728;2
TRT15;18730;2
TRT15;18731;2
TRT15;18733;2
TRT15;18736;2
TRT15;18737;6
TRT15;18738;2
TRT15;18740;2
TRT15;18751;2
TRT15;18855;2
TRT15;18882;2
TRT15;18884;2
TRT15;18887;2
TRT15;18914;2
TRT15;18926;2
TRT15;18934;2
TRT15;18938;2
TRT15;18941;2
TRT15;18943;2
TRT15;18945;2
TRT15;20222;6
TRT15;20223;2
TRT15;70840;6
TRT15;74257;2
TRT15;75482;2
TRT15;76710;2
TRT15;79700;6
TRT15;81418;2
TRT15;81419;2
TRT15;81917;2
TRT16;19601;2
TRT16;19602;2
TRT16;19603;2
TRT16;19604;2
TRT16;19605;2
TRT16;19606;2
TRT16;19607;2
TRT16;19608;3
TRT16;19609;3
TRT16;19610;5
TRT16;19611;0
TRT16;19612;4
TRT16;19613;3
TRT16;19614;4
TRT16;19615;0
TRT16;19616;3
TRT16;19617;3
TRT16;19618;0
TRT16;19619;4
TRT16;19620;4
TRT16;19621;0
TRT16;19622;4
TRT16;19623;3
TRT16;19625;2
TRT16;19626;2
TRT16;19629;2
TRT16;19630;2
TRT17;22246;2
TRT17;22247;2
TRT17;22248;2
TRT17;22249;2
TRT17;22250;2
TRT17;22251;2
TRT17;22252;2
TRT17;22253;2
TRT17;22254;2
TRT17;22255;2
TRT17;22256;2
TRT17;22257;2
TRT17;22258;2
TRT17;22259;2
TRT17;22260;3
TRT17;22261;3
TRT17;22262;3
TRT17;22263;3
TRT17;22264;5
TRT17;22265;2
TRT17;22266;2
TRT17;22267;0
TRT17;22268;3
TRT17;22269;0
TRT17;82115;0
TRT17;22230;2
TRT17;22231;2
TRT17;22232;2
TRT17;22233;2
TRT17;22234;2
TRT17;22235;2
TRT17;22237;2
TRT17;22239;2
TRT17;22851;2
TRT17;77738;2
TRT17;78892;2
TRT17;82110;2
TRT18;29262;2
TRT18;29263;2
TRT18;29264;2
TRT18;29265;2
TRT18;29266;3
TRT18;29267;3
TRT18;29268;3
TRT18;29269;0
TRT18;29270;5
TRT18;29271;0
TRT18;29272;3
TRT18;29273;0
TRT18;29274;2
TRT18;29275;2
TRT18;29276;2
TRT18;29277;2
TRT18;29278;2
TRT18;29279;2
TRT18;29280;2
TRT18;29281;2
TRT18;29282;2
TRT18;29283;2
TRT18;29284;2
TRT18;29285;2
TRT18;29286;2
TRT18;29287;2
TRT18;29288;2
TRT18;29289;2
TRT18;29290;2
TRT18;29291;2
TRT18;29292;0
TRT18;29293;5
TRT18;29294;0
TRT18;29295;5
TRT18;29296;5
TRT18;29297;5
TRT18;29298;3
TRT18;29299;5
TRT18;29300;0
TRT18;29301;0
TRT18;29302;5
TRT18;29303;2
TRT18;29304;2
TRT18;29305;2
TRT18;29306;2
TRT18;29307;0
TRT18;29308;0
TRT18;29309;3
TRT18;78504;2
TRT18;29310;2
TRT18;29313;2
TRT18;29314;2
TRT18;29315;2
TRT18;29316;6
TRT18;29317;2
TRT18;29318;2
TRT18;29319;2
TRT18;29321;2
TRT18;29322;2
TRT18;29323;2
TRT19;47202;3
TRT19;47203;3
TRT19;47204;3
TRT19;47205;3
TRT19;47206;3
TRT19;47207;3
TRT19;47208;3
TRT19;47209;3
TRT19;47210;3
TRT19;47211;3
TRT19;47212;3
TRT19;47214;0
TRT19;47215;0
TRT19;47216;0
TRT19;47217;0
TRT19;47218;4
TRT19;47219;0
TRT19;47220;0
TRT19;47221;0
TRT19;47222;0
TRT19;47223;0
TRT2;29900;2
TRT2;29901;2
TRT2;29902;2
TRT2;29903;2
TRT2;29904;2
TRT2;29905;2
TRT2;29906;2
TRT2;29907;2
TRT2;29908;2
TRT2;29909;2
TRT2;29910;2
TRT2;29911;2
TRT2;29912;2
TRT2;29913;2
TRT2;29914;6
TRT2;29915;2
TRT2;29916;2
TRT2;29917;2
TRT2;29918;6
TRT2;29919;2
TRT2;29920;2
TRT2;29921;2
TRT2;29922;2
TRT2;29923;2
TRT2;29924;2
TRT2;29925;2
TRT2;29926;2
TRT2;29927;2
TRT2;29928;2
TRT2;29929;2
TRT2;29930;2
TRT2;29931;6
TRT2;29932;6
TRT2;29933;2
TRT2;29934;6
TRT2;29935;2
TRT2;29936;2
TRT2;29937;2
TRT2;29938;2
TRT2;29939;2
TRT2;29940;2
TRT2;29941;6
TRT2;29942;2
TRT2;29943;2
TRT2;29944;2
TRT2;29945;6
TRT2;29946;2
TRT2;29947;2
TRT2;29948;2
TRT2;29949;2
TRT2;29950;2
TRT2;29952;2
TRT2;29953;2
TRT2;29954;2
TRT2;29955;2
TRT2;29956;2
TRT2;29957;2
TRT2;29958;6
TRT2;29959;2
TRT2;29960;2
TRT2;29961;2
TRT2;29962;2
TRT2;29963;2
TRT2;29964;2
TRT2;29965;2
TRT2;29966;2
TRT2;29967;2
TRT2;29968;2
TRT2;29969;2
TRT2;29970;2
TRT2;29971;2
TRT2;29972;2
TRT2;29973;2
TRT2;29974;2
TRT2;29975;2
TRT2;29976;2
TRT2;29977;2
TRT2;29978;2
TRT2;29979;2
TRT2;29980;2
TRT2;29981;2
TRT2;29982;2
TRT2;29983;2
TRT2;29984;2
TRT2;29985;2
TRT2;29986;2
TRT2;29987;2
TRT2;29988;2
TRT2;29989;2
TRT2;29990;2
TRT2;29991;2
TRT2;29992;2
TRT2;29993;2
TRT2;29994;2
TRT2;29995;2
TRT2;29996;2
TRT2;29997;2
TRT2;29998;2
TRT2;29999;2
TRT2;30000;2
TRT2;30001;2
TRT2;30002;2
TRT2;30003;2
TRT2;30004;2
TRT2;30005;2
TRT2;30006;2
TRT2;30007;2
TRT2;30008;2
TRT2;30009;2
TRT2;30010;2
TRT2;30011;2
TRT2;30012;2
TRT2;30013;2
TRT2;30014;2
TRT2;30015;2
TRT2;30016;2
TRT2;30017;2
TRT2;30018;2
TRT2;30019;2
TRT2;30020;2
TRT2;30021;2
TRT2;30022;2
TRT2;30023;2
TRT2;30024;1
TRT2;30025;2
TRT2;30026;2
TRT2;30027;2
TRT2;30028;1
TRT2;30029;5
TRT2;30030;3
TRT2;30032;2
TRT2;30033;2
TRT2;30035;2
TRT2;30036;2
TRT2;30037;2
TRT2;30038;2
TRT2;30039;2
TRT2;30040;2
TRT2;30041;2
TRT2;30042;6
TRT2;30044;3
TRT2;30045;3
TRT2;30047;3
TRT2;30049;2
TRT2;30050;2
TRT2;30051;2
TRT2;30052;2
TRT2;30053;6
TRT2;30054;2
TRT2;30055;6
TRT2;30056;2
TRT2;30057;2
TRT2;30058;2
TRT2;30059;2
TRT2;30060;2
TRT2;30061;2
TRT2;30062;6
TRT2;30064;2
TRT2;30065;3
TRT2;30066;3
TRT2;30067;3
TRT2;30068;2
TRT2;30069;2
TRT2;30070;2
TRT2;30071;2
TRT2;30072;2
TRT2;30073;2
TRT2;30074;2
TRT2;30075;2
TRT2;30076;2
TRT2;30077;2
TRT2;30078;2
TRT2;30079;2
TRT2;30080;6
TRT2;30081;3
TRT2;30082;3
TRT2;30083;2
TRT2;30084;6
TRT2;30085;2
TRT2;30086;2
TRT2;30087;6
TRT2;30088;2
TRT2;30089;2
TRT2;30090;2
TRT2;30091;6
TRT2;30092;6
TRT2;30093;6
TRT2;30094;6
TRT2;30095;6
TRT2;30096;6
TRT2;30097;2
TRT2;30098;2
TRT2;30099;2
TRT2;30100;2
TRT2;30102;2
TRT2;30103;2
TRT2;30104;2
TRT2;30105;2
TRT2;30106;2
TRT2;30107;2
TRT2;30108;2
TRT2;30109;3
TRT2;30110;3
TRT2;30111;2
TRT2;30112;2
TRT2;30113;6
TRT2;30114;6
TRT2;30265;2
TRT2;70799;2
TRT2;70800;2
TRT2;71107;6
TRT2;75469;2
TRT2;77626;6
TRT2;80059;6
TRT2;30116;6
TRT2;30118;6
TRT2;30121;6
TRT2;30122;6
TRT2;30124;6
TRT2;30125;2
TRT2;30127;6
TRT2;30133;6
TRT2;30134;6
TRT2;30135;6
TRT2;30136;6
TRT2;30141;6
TRT2;30145;6
TRT2;30150;6
TRT2;30160;6
TRT2;30161;6
TRT2;30162;6
TRT2;30163;6
TRT2;30164;6
TRT2;30165;6
TRT2;30166;6
TRT2;30167;6
TRT2;30169;6
TRT2;30172;6
TRT2;30173;6
TRT2;30174;6
TRT2;30175;6
TRT2;30176;6
TRT2;30177;6
TRT2;30181;6
TRT2;30186;6
TRT2;30190;6
TRT2;30196;6
TRT2;30200;6
TRT2;30203;6
TRT2;30205;6
TRT2;30215;6
TRT2;70801;6
TRT2;74247;2
TRT2;79192;6
TRT2;79266;6
TRT2;81191;6
TRT2;81547;2
TRT20;18567;3
TRT20;18568;3
TRT20;18569;3
TRT20;18570;3
TRT20;18571;3
TRT20;18572;3
TRT20;18573;3
TRT20;18574;3
TRT20;18575;3
TRT20;18576;0
TRT20;18577;0
TRT20;18578;0
TRT20;18579;0
TRT20;18580;0
TRT20;18581;0
TRT20;18590;3
TRT20;18593;3
TRT21;22274;3
TRT21;22275;3
TRT21;22276;3
TRT21;22277;3
TRT21;22278;3
TRT21;22279;3
TRT21;22280;3
TRT21;22281;3
TRT21;22282;3
TRT21;22283;3
TRT21;22284;3
TRT21;22285;3
TRT21;22286;3
TRT21;22287;3
TRT21;22288;3
TRT21;22289;0
TRT21;22290;0
TRT21;22291;0
TRT21;22292;0
TRT21;22293;0
TRT21;22294;0
TRT21;22295;0
TRT21;22296;0
TRT21;76598;3
TRT21;76599;3
TRT21;79550;3
TRT21;22297;3
TRT21;22298;3
TRT21;22299;3
TRT21;22300;3
TRT21;22301;3
TRT21;22302;3
TRT21;22303;3
TRT21;22304;3
TRT21;22305;3
TRT21;22306;3
TRT21;22310;3
TRT22;30300;3
TRT22;30301;3
TRT22;30302;3
TRT22;30303;3
TRT22;30304;3
TRT22;30305;0
TRT22;30306;0
TRT22;30307;4
TRT22;30308;4
TRT22;30309;0
TRT22;30310;4
TRT22;30311;0
TRT22;30312;4
TRT22;80048;3
TRT22;80049;3
TRT22;80050;1
TRT22;80051;2
TRT22;30656;3
TRT22;30657;3
TRT22;30658;3
TRT22;30659;3
TRT22;30660;3
TRT22;30661;3
TRT22;30662;3
TRT22;30663;3
TRT22;30676;3
TRT24;20812;0
TRT24;20813;0
TRT24;20814;2
TRT24;20815;2
TRT24;20816;0
TRT24;20817;2
TRT24;20818;0
TRT24;20819;2
TRT24;20820;0
TRT24;20821;0
TRT24;20822;0
TRT24;20823;5
TRT24;20824;0
TRT24;20825;0
TRT24;20826;0
TRT24;20827;5
TRT24;20828;2
TRT24;20829;2
TRT24;20830;2
TRT24;20831;2
TRT24;20832;2
TRT24;20833;2
TRT24;20834;2
TRT24;20835;2
TRT24;20836;2
TRT24;20837;2
TRT24;81809;2
TRT24;81810;2
TRT24;81812;2
TRT24;81814;2
TRT24;20789;2
TRT24;20790;2
TRT24;20791;2
TRT24;20792;2
TRT24;20793;2
TRT24;20794;2
TRT24;20797;2
TRT24;20838;6
TRT24;20839;2
TRT24;20840;2
TRT24;81803;2
TRT3;19135;0
TRT3;19136;0
TRT3;19137;5
TRT3;19138;0
TRT3;19139;0
TRT3;19140;0
TRT3;19141;0
TRT3;19142;5
TRT3;19143;3
TRT3;19144;0
TRT3;19145;0
TRT3;19147;0
TRT3;19148;5
TRT3;19149;5
TRT3;19150;5
TRT3;19151;1
TRT3;19153;0
TRT3;19154;5
TRT3;19155;4
TRT3;19156;3
TRT3;19158;5
TRT3;19159;5
TRT3;19160;5
TRT3;19161;3
TRT3;19162;5
TRT3;19163;1
TRT3;19164;0
TRT3;19165;3
TRT3;19166;3
TRT3;19167;3
TRT3;19168;5
TRT3;19169;0
TRT3;19170;5
TRT3;19171;3
TRT3;19172;5
TRT3;19173;3
TRT3;19174;1
TRT3;19175;0
TRT3;19176;1
TRT3;19178;3
TRT3;19180;2
TRT3;19181;2
TRT3;19182;3
TRT3;19183;3
TRT3;19184;0
TRT3;19185;3
TRT3;19186;2
TRT3;19187;5
TRT3;19188;5
TRT3;19189;2
TRT3;19190;3
TRT3;19191;5
TRT3;19192;3
TRT3;19193;5
TRT3;19194;2
TRT3;19195;2
TRT3;19196;2
TRT3;19197;2
TRT3;19198;2
TRT3;19199;2
TRT3;19200;2
TRT3;19201;2
TRT3;19202;2
TRT3;19203;2
TRT3;19205;2
TRT3;19206;2
TRT3;19207;2
TRT3;19208;2
TRT3;19209;2
TRT3;19210;1
TRT3;19212;3
TRT3;19214;2
TRT3;19215;2
TRT3;19216;3
TRT3;19217;3
TRT3;19219;3
TRT3;19222;5
TRT3;19223;2
TRT3;19224;3
TRT3;19225;5
TRT3;19226;3
TRT3;19227;5
TRT3;19228;2
TRT3;19229;2
TRT3;19230;2
TRT3;19231;2
TRT3;19232;2
TRT3;19233;2
TRT3;19235;2
TRT3;19236;2
TRT3;19239;2
TRT3;19241;2
TRT3;19242;2
TRT3;19243;2
TRT3;19245;2
TRT3;19246;2
TRT3;19247;3
TRT3;19248;3
TRT3;19249;2
TRT3;19250;3
TRT3;19251;2
TRT3;19252;2
TRT3;19253;2
TRT3;19254;2
TRT3;19255;2
TRT3;19256;2
TRT3;19257;2
TRT3;19258;2
TRT3;19259;2
TRT3;19261;2
TRT3;19262;2
TRT3;19263;2
TRT3;19264;2
TRT3;19265;2
TRT3;19266;2
TRT3;19267;2
TRT3;19268;3
TRT3;19269;2
TRT3;19270;2
TRT3;19271;2
TRT3;19273;2
TRT3;19275;6
TRT3;19276;2
TRT3;19278;2
TRT3;19279;2
TRT3;19280;2
TRT3;19282;2
TRT3;19283;2
TRT3;19284;2
TRT3;19285;2
TRT3;19286;2
TRT3;19287;2
TRT3;19288;2
TRT3;19289;2
TRT3;19290;2
TRT3;19292;2
TRT3;19295;2
TRT3;19297;2
TRT3;19298;6
TRT3;19299;2
TRT3;19301;2
TRT3;19302;6
TRT3;19303;6
TRT3;19306;6
TRT3;19307;6
TRT3;19308;2
TRT3;19309;6
TRT3;19310;6
TRT3;19313;6
TRT3;19314;2
TRT3;19315;2
TRT3;19316;6
TRT3;19317;6
TRT3;19318;2
TRT3;19320;2
TRT3;19321;6
TRT3;19322;6
TRT3;19323;6
TRT3;19324;6
TRT3;19325;6
TRT3;19326;6
TRT3;19327;2
TRT3;19328;6
TRT3;19330;2
TRT3;19332;6
TRT3;19333;6
TRT3;19334;6
TRT3;19335;6
TRT3;19336;2
TRT3;19338;6
TRT3;19339;2
TRT3;19340;6
TRT3;19341;6
TRT3;19342;2
TRT3;19343;6
TRT3;63984;6
TRT3;70798;2
TRT3;74389;6
TRT3;78491;6
TRT3;79486;2
TRT4;46877;5
TRT4;46878;3
TRT4;46879;1
TRT4;46880;3
TRT4;46881;3
TRT4;46883;2
TRT4;46884;2
TRT4;46885;2
TRT4;46886;5
TRT4;46887;2
TRT4;46888;2
TRT4;46889;5
TRT4;46891;2
TRT4;46892;2
TRT4;46893;2
TRT4;46894;2
TRT4;46895;2
TRT4;46896;5
TRT4;46897;2
TRT4;46898;2
TRT4;46899;2
TRT4;46900;2
TRT4;46901;2
TRT4;46902;2
TRT4;46903;5
TRT4;46904;1
TRT4;46905;5
TRT4;46906;5
TRT4;46907;5
TRT4;46908;2
TRT4;46909;5
TRT4;46910;5
TRT4;46911;5
TRT4;46912;1
TRT4;46913;5
TRT4;46914;5
TRT4;46915;5
TRT4;46916;5
TRT4;46917;2
TRT4;46918;2
TRT4;46919;2
TRT4;46920;2
TRT4;46921;5
TRT4;46922;5
TRT4;46923;1
TRT4;46924;5
TRT4;46925;5
TRT4;46926;5
TRT4;46927;2
TRT4;46928;2
TRT4;46929;2
TRT4;46930;2
TRT4;46931;2
TRT4;46932;5
TRT4;46933;0
TRT4;46934;5
TRT4;46935;5
TRT4;46936;2
TRT4;46937;2
TRT4;46938;2
TRT4;46939;2
TRT4;46940;5
TRT4;46941;3
TRT4;46942;3
TRT4;46943;3
TRT4;46944;3
TRT4;46945;2
TRT4;46946;2
TRT4;46947;2
TRT4;46948;2
TRT4;46949;2
TRT4;46950;2
TRT4;46951;2
TRT4;46952;2
TRT4;46953;2
TRT4;46954;2
TRT4;46955;2
TRT4;46956;2
TRT4;46957;2
TRT4;46958;2
TRT4;46959;2
TRT4;46960;2
TRT4;46961;2
TRT4;46962;2
TRT4;46963;2
TRT4;46964;2
TRT4;46965;2
TRT4;46966;2
TRT4;46967;2
TRT4;46968;2
TRT4;46969;2
TRT4;46970;2
TRT4;46971;2
TRT4;46972;2
TRT4;46973;2
TRT4;46974;2
TRT4;46975;2
TRT4;46976;2
TRT4;46977;2
TRT4;46978;2
TRT4;46979;0
TRT4;46980;2
TRT4;46981;2
TRT4;46982;2
TRT4;46983;3
TRT4;46984;3
TRT4;46986;5
TRT4;46987;5
TRT4;46989;0
TRT4;46990;5
TRT4;46991;1
TRT4;46992;1
TRT4;46993;1
TRT4;46994;0
TRT4;46995;2
TRT4;46996;2
TRT4;46997;2
TRT4;46998;2
TRT4;46999;2
TRT4;47000;5
TRT4;47001;5
TRT4;47002;5
TRT4;47003;2
TRT4;47004;2
TRT4;47005;0
TRT4;47006;0
TRT4;47007;0
TRT4;47008;0
TRT4;47009;0
TRT4;47010;0
TRT4;47011;0
TRT4;47012;2
TRT4;47013;1
TRT4;47014;5
TRT4;47015;2
TRT4;47016;2
TRT4;47017;5
TRT4;47018;3
TRT4;79479;2
TRT4;47019;6
TRT4;47020;6
TRT4;47021;2
TRT4;47022;6
TRT4;47023;2
TRT4;47025;6
TRT4;47029;2
TRT4;47030;2
TRT4;47032;6
TRT4;47037;6
TRT4;47041;6
TRT4;47043;2
TRT4;47044;6
TRT4;47046;2
TRT4;47049;6
TRT4;47052;2
TRT4;47054;6
TRT4;47055;6
TRT4;47056;6
TRT4;47057;2
TRT4;47061;2
TRT4;47064;6
TRT4;47066;6
TRT4;47067;2
TRT4;47071;6
TRT4;47072;2
TRT4;47074;6
TRT4;47075;6
TRT4;47176;2
TRT4;70797;6
TRT4;74379;6
TRT4;79434;6
TRT4;79478;6
TRT4;81282;6
TRT4;81283;2
TRT5;19958;3
TRT5;19960;0
TRT5;19961;0
TRT5;19962;2
TRT5;19963;2
TRT5;19964;2
TRT5;19965;2
TRT5;19966;5
TRT5;19969;0
TRT5;19971;3
TRT5;19973;3
TRT5;19974;3
TRT5;19975;3
TRT5;19976;3
TRT5;19977;3
TRT5;19979;3
TRT5;19980;3
TRT5;19981;3
TRT5;19982;0
TRT5;19984;0
TRT5;19985;3
TRT5;19986;3
TRT5;19987;3
TRT5;19988;3
TRT5;19989;0
TRT5;19990;0
TRT5;19991;0
TRT5;19992;3
TRT5;19993;3
TRT5;19994;3
TRT5;19996;3
TRT5;19997;3
TRT5;19998;3
TRT5;19999;3
TRT5;20000;3
TRT5;20001;3
TRT5;20002;3
TRT5;20003;3
TRT5;20004;3
TRT5;20005;3
TRT5;20007;3
TRT5;20008;3
TRT5;20009;3
TRT5;20010;3
TRT5;20013;3
TRT5;20014;3
TRT5;20015;3
TRT5;20017;3
TRT5;20018;3
TRT5;20019;3
TRT5;20020;3
TRT5;20021;3
TRT5;20022;3
TRT5;20023;3
TRT5;20024;3
TRT5;20026;3
TRT5;20027;3
TRT5;20028;3
TRT5;20029;3
TRT5;20030;3
TRT5;20032;3
TRT5;20033;3
TRT5;20034;3
TRT5;20036;0
TRT5;20038;0
TRT5;20039;2
TRT5;20040;2
TRT5;20042;0
TRT5;20044;3
TRT5;20045;3
TRT5;20047;3
TRT5;20048;3
TRT5;20049;3
TRT5;20051;3
TRT5;20054;3
TRT5;20056;3
TRT5;20061;3
TRT5;20062;3
TRT5;20063;3
TRT5;20066;3
TRT5;20067;3
TRT5;20070;3
TRT5;20071;3
TRT5;20072;3
TRT5;20073;3
TRT5;27627;3
TRT5;78924;3
TRT5;81217;3
TRT6;20650;2
TRT6;20651;2
TRT6;20652;2
TRT6;20653;2
TRT6;20654;2
TRT6;20655;2
TRT6;20656;2
TRT6;20657;2
TRT6;20658;2
TRT6;20659;2
TRT6;20660;2
TRT6;20661;2
TRT6;20662;2
TRT6;20663;2
TRT6;20664;2
TRT6;20665;2
TRT6;20666;2
TRT6;20667;2
TRT6;20668;2
TRT6;20669;2
TRT6;20670;2
TRT6;20671;2
TRT6;20672;2
TRT6;20673;4
TRT6;20674;4
TRT6;20675;4
TRT6;20676;0
TRT6;20677;2
TRT6;20678;2
TRT6;20679;0
TRT6;20680;3
TRT6;20681;3
TRT6;20682;3
TRT6;20683;4
TRT6;20684;0
TRT6;20685;3
TRT6;20686;0
TRT6;20687;0
TRT6;20688;0
TRT6;20689;3
TRT6;20690;3
TRT6;20691;5
TRT6;20692;5
TRT6;20693;5
TRT6;20694;3
TRT6;20695;3
TRT6;20696;3
TRT6;20697;3
TRT6;20698;3
TRT6;20699;0
TRT6;20700;0
TRT6;20701;0
TRT6;20702;3
TRT6;20703;3
TRT6;20704;3
TRT6;20705;0
TRT6;20706;0
TRT6;20707;3
TRT6;20708;3
TRT6;20709;4
TRT6;20710;3
TRT6;20711;3
TRT6;20712;3
TRT6;20713;0
TRT6;20714;0
TRT6;20715;0
TRT6;20716;2
TRT6;20717;0
TRT6;20718;0
TRT6;20719;3
TRT6;20720;0
TRT6;20721;4
TRT6;20722;0
TRT6;20744;6
TRT6;20748;6
TRT6;20750;6
TRT6;20754;2
TRT6;20755;6
TRT6;20756;2
TRT6;20757;2
TRT6;20758;6
TRT6;20759;6
TRT6;20763;2
TRT6;74268;6
TRT6;74269;6
TRT6;74270;6
TRT6;77737;6
TRT6;79731;2
TRT6;80362;2
TRT7;35093;5
TRT7;50302;0
TRT7;50303;4
TRT7;50304;3
TRT7;50305;3
TRT7;50307;4
TRT7;50308;5
TRT7;50309;3
TRT7;50310;3
TRT7;50311;3
TRT7;50312;3
TRT7;50313;3
TRT7;50314;3
TRT7;50315;3
TRT7;50316;3
TRT7;50317;3
TRT7;50318;3
TRT7;50319;3
TRT7;50320;3
TRT7;50321;3
TRT7;50322;3
TRT7;50323;3
TRT7;50324;3
TRT7;50325;3
TRT7;50326;3
TRT7;50327;0
TRT7;50329;3
TRT7;50330;3
TRT7;50331;3
TRT7;50334;0
TRT7;50335;2
TRT7;50336;2
TRT7;50338;0
TRT7;50339;0
TRT7;50340;3
TRT7;50341;3
TRT7;50343;0
TRT7;50352;3
TRT7;50354;3
TRT7;50355;3
TRT7;50356;3
TRT7;50357;3
TRT7;50360;3
TRT7;50361;3
TRT7;50362;3
TRT7;50364;3
TRT7;79960;3
TRT7;81201;3
TRT8;20508;2
TRT8;20509;2
TRT8;20510;0
TRT8;20511;3
TRT8;20512;3
TRT8;20513;3
TRT8;20514;3
TRT8;20515;3
TRT8;20516;3
TRT8;20517;3
TRT8;20518;3
TRT8;20519;3
TRT8;20520;3
TRT8;20521;3
TRT8;20522;3
TRT8;20523;3
TRT8;20524;3
TRT8;20525;3
TRT8;20526;3
TRT8;20527;3
TRT8;20528;3
TRT8;20529;3
TRT8;20530;3
TRT8;20531;3
TRT8;20532;3
TRT8;20533;3
TRT8;20534;4
TRT8;20535;0
TRT8;20536;3
TRT8;20537;0
TRT8;20538;0
TRT8;20539;3
TRT8;20540;3
TRT8;20541;3
TRT8;20542;3
TRT8;20543;3
TRT8;20544;3
TRT8;20545;3
TRT8;20546;3
TRT8;20547;2
TRT8;20548;2
TRT8;20549;2
TRT8;20550;2
TRT8;20551;4
TRT8;20552;0
TRT8;20553;2
TRT8;20554;2
TRT8;20555;2
TRT8;20556;2
TRT8;20557;0
TRT8;20558;0
TRT8;20559;3
TRT8;20560;3
TRT8;20561;5
TRT8;20562;0
TRT8;76744;0
TRT8;79721;3
TRT8;20571;3
TRT8;20572;3
TRT8;20575;3
TRT8;20581;3
TRT8;20583;3
TRT8;20584;3
TRT8;20588;3
TRT8;20589;3
TRT8;20590;3
TRT8;20592;3
TRT8;67840;3
TRT8;72976;3
TRT9;20298;3
TRT9;20299;3
TRT9;20300;2
TRT9;20301;2
TRT9;20302;6
TRT9;20305;0
TRT9;20306;5
TRT9;20307;1
TRT9;20308;2
TRT9;20309;6
TRT9;20310;2
TRT9;20311;2
TRT9;20312;1
TRT9;20313;5
TRT9;20314;3
TRT9;20315;3
TRT9;20316;5
TRT9;20317;1
TRT9;20319;2
TRT9;20320;2
TRT9;20321;2
TRT9;20322;2
TRT9;20323;2
TRT9;20324;2
TRT9;20325;2
TRT9;20326;2
TRT9;20327;2
TRT9;20328;2
TRT9;20329;2
TRT9;20330;2
TRT9;20331;2
TRT9;20332;2
TRT9;20333;2
TRT9;20334;2
TRT9;20335;2
TRT9;20336;2
TRT9;20337;2
TRT9;20338;2
TRT9;20339;2
TRT9;20340;2
TRT9;20341;1
TRT9;20342;2
TRT9;20343;2
TRT9;20344;2
TRT9;20345;1
TRT9;20346;1
TRT9;20347;6
TRT9;20350;0
TRT9;20351;0
TRT9;20352;1
TRT9;20354;2
TRT9;20355;2
TRT9;20356;2
TRT9;20357;2
TRT9;20358;2
TRT9;20359;2
TRT9;20360;2
TRT9;20361;2
TRT9;20363;2
TRT9;20364;2
TRT9;20365;2
TRT9;20366;2
TRT9;20367;2
TRT9;20370;6
TRT9;20371;2
TRT9;20372;2
TRT9;20373;0
TRT9;20376;2
TRT9;20377;2
TRT9;20378;2
TRT9;20379;6
TRT9;20380;6
TRT9;20381;0
TRT9;20382;5
TRT9;20383;0
TRT9;20384;2
TRT9;20385;2
TRT9;20386;2
TRT9;20387;2
TRT9;20388;2
TRT9;20389;5
TRT9;20390;2
TRT9;20391;2
TRT9;20392;3
TRT9;20393;3
TRT9;20394;0
TRT9;20395;0
TRT9;20237;2
TRT9;20260;6
TRT9;20264;2
TRT9;20265;6
TRT9;20267;2
TRT9;20268;6
TRT9;20269;2
TRT9;20273;2
TRT9;20274;2
TRT9;20279;2
TRT9;20281;2
TRT9;20282;2
TRT9;20287;2
TRT9;20288;2
TRT9;20291;2
TRT9;20292;2
TRT9;20296;2
TRT9;71325;2
TRT9;71328;2
TRT9;72818;2
TRF2;12284;0
TRF2;12864;0
TRF2;12869;3
TRF2;12871;0
TRF2;12872;0
TRF2;12873;0
TRF2;12874;0
TRF2;12875;0
TRF2;12876;0
TRF2;12877;0
TRF2;12878;0
TRF2;12893;3
TRF2;12894;3
TRF2;12901;0
TRF2;12902;0
TRF2;12903;0
TRF2;12904;0
TRF2;13726;3
TRF2;13740;0
TRF2;13791;0
TRF2;13792;3
TRF2;14309;0
TRF2;17760;0
TRF2;17762;0
TRF2;17763;0
TRF3;12453;0
TRF3;12953;0
TRF3;13846;0
TRF3;13850;5
TRF3;13905;2
TRF3;13989;0
TRF3;13990;0
TRF3;13991;0
TRF3;13992;0
TRF3;13993;0
TRF3;13994;0
TRF3;13995;0
TRF3;13996;0
TRF3;13997;0
TRF3;13998;0
TRF3;13999;0
TRF3;14000;0
TRF3;14007;0
TRF3;14008;0
TRF3;14009;0
TRF3;14012;0
TRF3;14013;0
TRF3;14030;2
TRF3;14039;0
TRF3;14057;0
TRF3;14314;0
TRF3;18100;3
TRF3;18196;0
TRF3;16534;2
TRF4;11960;3
TRF4;12588;0
TRF4;12596;3
TRF4;12652;0
TRF4;12654;0
TRF4;12670;0
TRF4;12671;0
TRF4;12672;0
TRF4;12688;2
TRF4;12689;0
TRF4;12690;0
TRF4;12691;0
TRF4;12695;0
TRF4;12696;0
TRF4;16427;0
TRF4;17792;0
TRF4;17799;0
TRF4;17803;0
TRF4;17814;0
TRF4;44501;4
TRF5;12175;3
TRF5;12186;3
TRF5;12192;1
TRF5;12197;3
TRF5;12208;0
TRF5;12219;0
TRF5;12227;3
TRF5;12234;3
TRF5;16533;0
TRF2;12853;5
TRF2;12889;3
TRF2;12890;3
TRF2;17758;0
TRF2;12849;0
TRF2;12850;5
TRF2;12852;0
TRF2;12860;0
TRF2;12861;0
TRF2;12862;0
TRF2;12863;0
TRF2;12865;5
TRF2;12866;5
TRF2;12867;1
TRF2;12868;1
TRF2;12879;0
TRF2;12880;0
TRF2;12881;5
TRF2;12884;0
TRF2;12885;0
TRF2;12886;0
TRF2;12888;3
TRF2;12891;3
TRF2;12892;3
TRF2;12900;0
TRF2;12906;5
TRF2;12907;0
TRF2;17756;3
TRF2;17761;0
TRF2;17769;1
TRF2;18242;5
TRF2;18243;5
TRF2;18244;5
TRF2;18245;5
TRF3;13986;0
TRF3;14010;5
TRF3;14021;5
TRF3;14041;0
TRF3;14042;5
TRF3;14043;0
TRF3;14044;0
TRF3;14045;0
TRF3;14046;5
TRF3;14047;0
TRF3;14048;0
TRF3;14049;0
TRF3;14050;0
TRF3;14051;5
TRF3;14052;0
TRF3;14053;0
TRF3;14161;5
TRF3;14310;0
TRF3;14312;0
TRF3;17884;0
TRF3;79243;5
TRF4;11930;3
TRF4;12617;0
TRF4;12669;2
TRF4;12681;4
TRF4;16437;0
TRF4;12609;0
TRF4;12678;0
TRF4;12679;0
TRF4;12680;5
TRF4;17782;5
TRF4;17789;5
TRF4;17811;5
